MARY,3991060.00
PATRICIA,1628911.00
LINDA,1571224.00
BARBARA,1487729.00
ELIZABETH,1422451.00
JENNIFER,1414861.00
MARIA,1256979.00
SUSAN,1205364.00
MARGARET,1165894.00
DOROTHY,1103652.00
LISA,1068736.00
NANCY,1015603.00
KAREN,1012567.00
BETTY,1011048.00
HELEN,1006494.00
SANDRA,954879.00
DONNA,885047.00
CAROL,857721.00
RUTH,853167.00
SHARON,792443.00
MICHELLE,787889.00
LAURA,774226.00
SARAH,771190.00
KIMBERLY,765118.00
DEBORAH,749937.00
JESSICA,743864.00
SHIRLEY,731720.00
CYNTHIA,711985.00
ANGELA,710466.00
MELISSA,701358.00
BRENDA,690731.00
AMY,684659.00
ANNA,667960.00
REBECCA,652779.00
VIRGINIA,652779.00
KATHLEEN,643670.00
PAMELA,631526.00
MARTHA,625453.00
DEBRA,619381.00
AMANDA,613309.00
STEPHANIE,607236.00
CAROLYN,584465.00
CHRISTINE,579911.00
JANET,575356.00
MARIE,575356.00
CATHERINE,566248.00
FRANCES,561694.00
ANN,552585.00
JOYCE,552585.00
DIANE,544995.00
ALICE,541958.00
JULIE,528296.00
HEATHER,511597.00
TERESA,510078.00
DORIS,508560.00
GLORIA,508560.00
EVELYN,488825.00
CHERYL,478199.00
JEAN,478199.00
KATHERINE,475162.00
MILDRED,475162.00
JOAN,464536.00
ASHLEY,459981.00
JUDITH,450873.00
ROSE,449355.00
JANICE,432656.00
KELLY,429620.00
NICOLE,426583.00
JUDY,418993.00
CHRISTINA,417475.00
KATHY,412921.00
THERESA,411403.00
BEVERLY,405330.00
DENISE,400776.00
TAMMY,393185.00
IRENE,382559.00
JANE,379523.00
LORI,376486.00
RACHEL,367378.00
MARILYN,365860.00
ANDREA,358269.00
KATHRYN,355233.00
LOUISE,347643.00
SARA,347643.00
ANNE,346125.00
JACQUELINE,346125.00
WANDA,343089.00
BONNIE,338534.00
JULIA,338534.00
RUBY,335498.00
LOIS,333980.00
TINA,333980.00
PHYLLIS,332462.00
NORMA,330944.00
PAULA,329426.00
ANNIE,327908.00
DIANA,327908.00
LILLIAN,320317.00
EMILY,315763.00
PEGGY,315763.00
ROBIN,315763.00
CRYSTAL,314245.00
GLADYS,311209.00
RITA,309691.00
DAWN,306654.00
CONNIE,303618.00
FLORENCE,303618.00
EDNA,299064.00
TRACY,299064.00
CARMEN,296028.00
TIFFANY,296028.00
ROSA,294510.00
CINDY,291473.00
GRACE,286919.00
WENDY,280847.00
VICTORIA,273256.00
EDITH,271738.00
KIM,270220.00
SHERRY,270220.00
JOSEPHINE,268702.00
SYLVIA,268702.00
SHANNON,265666.00
SHEILA,265666.00
THELMA,265666.00
ETHEL,264148.00
ELAINE,262630.00
ELLEN,262630.00
MARJORIE,262630.00
CARRIE,259594.00
CHARLOTTE,256557.00
ESTHER,252003.00
MONICA,252003.00
EMMA,250485.00
PAULINE,250485.00
JUANITA,248967.00
ANITA,245931.00
RHONDA,245931.00
HAZEL,244413.00
AMBER,242895.00
EVA,241376.00
DEBBIE,238340.00
APRIL,233786.00
LESLIE,233786.00
CLARA,232268.00
JAMIE,232268.00
LUCILLE,232268.00
ELEANOR,227714.00
JOANNE,227714.00
DANIELLE,226196.00
VALERIE,226196.00
MEGAN,223159.00
ALICIA,221641.00
GAIL,220123.00
MICHELE,220123.00
SUZANNE,220123.00
BERTHA,217087.00
DARLENE,215569.00
JILL,215569.00
VERONICA,215569.00
ERIN,214051.00
GERALDINE,214051.00
CATHY,207978.00
LAUREN,207978.00
JOANN,206460.00
LORRAINE,204942.00
LYNN,204942.00
SALLY,204942.00
REGINA,201906.00
BEATRICE,197352.00
ERICA,197352.00
DOLORES,195834.00
BERNICE,194316.00
AUDREY,192798.00
YVONNE,191279.00
ANNETTE,189761.00
JUNE,189761.00
SAMANTHA,188243.00
DANA,185207.00
MARION,185207.00
STACY,183689.00
ANA,182171.00
RENEE,182171.00
IDA,179135.00
VIVIAN,179135.00
BRITTANY,177617.00
HOLLY,177617.00
ROBERTA,177617.00
MELANIE,176099.00
JEANETTE,174580.00
LORETTA,174580.00
YOLANDA,174580.00
LAURIE,173062.00
KATIE,171544.00
ALMA,168508.00
KRISTEN,168508.00
SUE,168508.00
VANESSA,168508.00
BETH,166990.00
ELSIE,166990.00
JEANNE,165472.00
VICKI,165472.00
CARLA,162436.00
ROSEMARY,162436.00
TARA,162436.00
EILEEN,159400.00
TERRI,159400.00
GERTRUDE,156363.00
LUCY,156363.00
TONYA,154845.00
ELLA,153327.00
STACEY,153327.00
GINA,150291.00
KRISTIN,150291.00
WILMA,150291.00
AGNES,148773.00
JESSIE,148773.00
NATALIE,148773.00
VERA,148773.00
CHARLENE,147255.00
WILLIE,147255.00
BESSIE,145737.00
DELORES,144219.00
ARLENE,142701.00
MELINDA,142701.00
PEARL,142701.00
ALLISON,139664.00
COLLEEN,139664.00
MAUREEN,139664.00
TAMARA,139664.00
CONSTANCE,138146.00
GEORGIA,138146.00
JOY,138146.00
CLAUDIA,136628.00
JACKIE,136628.00
LILLIE,136628.00
MARCIA,136628.00
MINNIE,135110.00
NELLIE,135110.00
TANYA,135110.00
GLENDA,133592.00
HEIDI,133592.00
MARLENE,133592.00
COURTNEY,130556.00
LYDIA,130556.00
MARIAN,130556.00
VIOLA,130556.00
CAROLINE,129038.00
STELLA,129038.00
DORA,127520.00
JO,126002.00
VICKIE,124483.00
MATTIE,122965.00
TERRY,121447.00
IRMA,119929.00
MAXINE,119929.00
MABEL,118411.00
MARSHA,118411.00
MYRTLE,118411.00
CHRISTY,116893.00
LENA,116893.00
DEANNA,115375.00
PATSY,115375.00
HILDA,113857.00
GWENDOLYN,112339.00
JENNIE,110821.00
NORA,110821.00
CASSANDRA,109303.00
LEAH,109303.00
MARGIE,109303.00
NINA,109303.00
CAROLE,107784.00
KAY,107784.00
NAOMI,107784.00
PENNY,107784.00
PRISCILLA,107784.00
BRANDY,106266.00
OLGA,106266.00
BILLIE,104748.00
DIANNE,104748.00
LEONA,104748.00
TRACEY,104748.00
FELICIA,103230.00
JENNY,103230.00
SONIA,103230.00
BECKY,100194.00
MIRIAM,100194.00
VELMA,100194.00
BOBBIE,98676.00
KRISTINA,98676.00
VIOLET,98676.00
TONI,97158.00
MAE,95640.00
MISTY,95640.00
DAISY,94122.00
RAMONA,94122.00
SHELLY,94122.00
SHERRI,94122.00
CLAIRE,92604.00
ERIKA,92604.00
KATRINA,92604.00
LINDSAY,91085.00
LINDSEY,91085.00
BELINDA,89567.00
GENEVA,89567.00
GUADALUPE,89567.00
MARGARITA,89567.00
SHERYL,89567.00
CORA,88049.00
FAYE,88049.00
ADA,86531.00
ISABEL,86531.00
NATASHA,86531.00
SABRINA,86531.00
HARRIET,85013.00
HATTIE,85013.00
MARGUERITE,85013.00
BLANCHE,83495.00
BRANDI,83495.00
CECILIA,83495.00
IRIS,83495.00
JOANNA,83495.00
KRISTI,83495.00
MOLLY,83495.00
ROSIE,83495.00
SANDY,83495.00
ANGIE,81977.00
EUNICE,81977.00
INEZ,80459.00
LYNDA,80459.00
ALBERTA,78941.00
AMELIA,78941.00
MADELINE,78941.00
CANDACE,77423.00
GENEVIEVE,77423.00
JAN,77423.00
JANIE,77423.00
JODI,77423.00
KAYLA,77423.00
KRISTINE,77423.00
LEE,77423.00
MAGGIE,77423.00
MONIQUE,77423.00
SONYA,77423.00
ALISON,75905.00
FANNIE,75905.00
MARYANN,75905.00
MELODY,75905.00
OPAL,75905.00
YVETTE,75905.00
FLORA,74386.00
LUZ,74386.00
OLIVIA,74386.00
SHELLEY,74386.00
SUSIE,74386.00
ANTOINETTE,72868.00
BEULAH,72868.00
KRISTY,72868.00
LOLA,72868.00
LULA,72868.00
MAMIE,72868.00
VERNA,72868.00
CANDICE,69832.00
JEANNETTE,69832.00
JUANA,69832.00
KELLI,69832.00
PAM,69832.00
BRIDGET,68314.00
HANNAH,68314.00
WHITNEY,68314.00
CELIA,66796.00
KARLA,66796.00
DELLA,65278.00
GAYLE,65278.00
LATOYA,65278.00
LYNNE,65278.00
PATTY,65278.00
SHELIA,65278.00
VICKY,65278.00
MARIANNE,63760.00
SHERI,63760.00
BLANCA,62242.00
ERMA,62242.00
JACQUELYN,62242.00
KARA,62242.00
KRISTA,60724.00
LETICIA,60724.00
MYRA,60724.00
PAT,60724.00
ROXANNE,60724.00
ADRIENNE,59206.00
ALEXANDRA,59206.00
ANGELICA,59206.00
BERNADETTE,59206.00
BETHANY,59206.00
BROOKE,59206.00
FRANCIS,59206.00
JOHNNIE,59206.00
ROBYN,59206.00
ROSALIE,59206.00
SADIE,59206.00
CHELSEA,57687.00
ERNESTINE,57687.00
JASMINE,57687.00
JODY,57687.00
KENDRA,57687.00
MABLE,57687.00
MURIEL,57687.00
NICHOLE,57687.00
RACHAEL,57687.00
TRACI,57687.00
ANGELINA,56169.00
ELENA,56169.00
KRYSTAL,56169.00
MARCELLA,56169.00
DIANNA,54651.00
ESTELLE,54651.00
KARI,54651.00
LORA,54651.00
NADINE,54651.00
PAULETTE,54651.00
ANGEL,53133.00
ANTONIA,53133.00
DESIREE,53133.00
DOREEN,53133.00
MONA,53133.00
ROSEMARIE,53133.00
BETSY,51615.00
CHRISTIE,51615.00
FREDA,51615.00
GINGER,51615.00
HOPE,51615.00
JANIS,51615.00
CRISTINA,50097.00
EULA,50097.00
LYNETTE,50097.00
MERCEDES,50097.00
MEREDITH,50097.00
TERI,50097.00
CECELIA,48579.00
ELOISE,48579.00
GRETCHEN,48579.00
LEIGH,48579.00
MEGHAN,48579.00
ROCHELLE,48579.00
SOPHIA,48579.00
ALYSSA,47061.00
GWEN,47061.00
HENRIETTA,47061.00
JANA,47061.00
KELLEY,47061.00
KERRY,47061.00
RAQUEL,47061.00
ALEXIS,45543.00
JENNA,45543.00
LAVERNE,45543.00
OLIVE,45543.00
TASHA,45543.00
TRICIA,45543.00
CASEY,44025.00
DARLA,44025.00
DELIA,44025.00
ELVIRA,44025.00
ESSIE,44025.00
KATE,44025.00
KELLIE,44025.00
LANA,44025.00
LILA,44025.00
LORENA,44025.00
MANDY,44025.00
MAY,44025.00
MINDY,44025.00
PATTI,44025.00
SILVIA,44025.00
SONJA,44025.00
SOPHIE,44025.00
CAMILLE,42507.00
DIXIE,42507.00
ELSA,42507.00
FAITH,42507.00
JEANNIE,42507.00
JOHANNA,42507.00
JOSEFINA,42507.00
LELA,42507.00
LORENE,42507.00
LUCIA,42507.00
MARTA,42507.00
MIRANDA,42507.00
SHARI,42507.00
AIMEE,40988.00
ALISHA,40988.00
EBONY,40988.00
ELISA,40988.00
JAIME,40988.00
KRISTIE,40988.00
MARINA,40988.00
MELBA,40988.00
NETTIE,40988.00
OLLIE,40988.00
ORA,40988.00
RENA,40988.00
SHAWNA,40988.00
TABITHA,40988.00
TAMI,40988.00
WINIFRED,40988.00
ADDIE,39470.00
BONITA,39470.00
LATASHA,39470.00
MARLA,39470.00
MYRNA,39470.00
PATRICE,39470.00
RONDA,39470.00
SHERRIE,39470.00
TAMMIE,39470.00
ABIGAIL,37952.00
ADELE,37952.00
ADRIANA,37952.00
CARA,37952.00
CELESTE,37952.00
CHERI,37952.00
DELORIS,37952.00
DORTHY,37952.00
FRANCINE,37952.00
JEWEL,37952.00
LUCINDA,37952.00
REBEKAH,37952.00
SHELBY,37952.00
STACIE,37952.00
AURORA,36434.00
BRITTNEY,36434.00
CHRIS,36434.00
CORINNE,36434.00
EFFIE,36434.00
ELVA,36434.00
ESTELLA,36434.00
ETTA,36434.00
FERN,36434.00
FRANCISCA,36434.00
HELENE,36434.00
JANELLE,36434.00
JOSIE,36434.00
KARIN,36434.00
KELSEY,36434.00
KERRI,36434.00
LAUREL,36434.00
LENORA,36434.00
LOTTIE,36434.00
LOURDES,36434.00
MARISSA,36434.00
NIKKI,36434.00
REBA,36434.00
SALLIE,36434.00
SHAWN,36434.00
TRACIE,36434.00
TRINA,36434.00
TRISHA,36434.00
AIDA,34916.00
BETTIE,34916.00
CAITLIN,34916.00
CASSIE,34916.00
CHRISTA,34916.00
ELISABETH,34916.00
EUGENIA,34916.00
GOLDIE,34916.00
INA,34916.00
INGRID,34916.00
IVA,34916.00
JENIFER,34916.00
MAUDE,34916.00
CANDY,33398.00
CHERIE,33398.00
CONSUELO,33398.00
DEBORA,33398.00
DENA,33398.00
DINA,33398.00
FRANKIE,33398.00
JANETTE,33398.00
LATONYA,33398.00
LORNA,33398.00
MORGAN,33398.00
POLLY,33398.00
ROSETTA,33398.00
TAMIKA,33398.00
THERESE,33398.00
CAROLINA,31880.00
CLEO,31880.00
DOROTHEA,31880.00
ESPERANZA,31880.00
FAY,31880.00
HELENA,31880.00
JEWELL,31880.00
JILLIAN,31880.00
KIMBERLEY,31880.00
NELL,31880.00
PATRICA,31880.00
SHANNA,31880.00
STEFANIE,31880.00
TRUDY,31880.00
ALISA,30362.00
JANINE,30362.00
LOU,30362.00
LUPE,30362.00
MARIBEL,30362.00
MOLLIE,30362.00
OLA,30362.00
ROSARIO,30362.00
SUSANNE,30362.00
ALTA,28844.00
BETTE,28844.00
CECILE,28844.00
DAPHNE,28844.00
ELISE,28844.00
ESTER,28844.00
GRACIELA,28844.00
IMOGENE,28844.00
ISABELLE,28844.00
JOCELYN,28844.00
JOLENE,28844.00
JONI,28844.00
KEISHA,28844.00
LEOLA,28844.00
LESLEY,28844.00
PAIGE,28844.00
PETRA,28844.00
RACHELLE,28844.00
SUSANA,28844.00
ADELINE,27326.00
BEATRIZ,27326.00
CARMELA,27326.00
CHARITY,27326.00
CLARICE,27326.00
GABRIELA,27326.00
GLENNA,27326.00
GRACIE,27326.00
JACLYN,27326.00
JAYNE,27326.00
KERI,27326.00
KIRSTEN,27326.00
LACEY,27326.00
LIZZIE,27326.00
MARISA,27326.00
MARISOL,27326.00
MAYRA,27326.00
ROSALIND,27326.00
SHANA,27326.00
SONDRA,27326.00
TONIA,27326.00
URSULA,27326.00
ANGELIA,25808.00
ANGELINE,25808.00
AUTUMN,25808.00
CATHLEEN,25808.00
CHRISTI,25808.00
CLAUDETTE,25808.00
ELMA,25808.00
FRIEDA,25808.00
GABRIELLE,25808.00
JEANINE,25808.00
JIMMIE,25808.00
JODIE,25808.00
JUSTINE,25808.00
KATHARINE,25808.00
LEA,25808.00
LILY,25808.00
LUELLA,25808.00
MARGRET,25808.00
MILLIE,25808.00
ROBBIE,25808.00
SHAUNA,25808.00
SHEENA,25808.00
STACI,25808.00
SUMMER,25808.00
ABBY,24289.00
AILEEN,24289.00
BOBBI,24289.00
CALLIE,24289.00
DALE,24289.00
DEANA,24289.00
DEE,24289.00
DOLLY,24289.00
DOMINIQUE,24289.00
GALE,24289.00
IVY,24289.00
JEANNINE,24289.00
LADONNA,24289.00
LARA,24289.00
LEANNE,24289.00
LORIE,24289.00
LUCILE,24289.00
LUISA,24289.00
MANUELA,24289.00
MARCY,24289.00
MARGO,24289.00
MARITZA,24289.00
MARTINA,24289.00
MAVIS,24289.00
RENE,24289.00
SELMA,24289.00
SOCORRO,24289.00
SYBIL,24289.00
WILLA,24289.00
WINNIE,24289.00
AUDRA,22771.00
BARBRA,22771.00
BETTYE,22771.00
BIANCA,22771.00
BRIDGETTE,22771.00
CORNELIA,22771.00
ELIZA,22771.00
GEORGINA,22771.00
JERI,22771.00
LATISHA,22771.00
LEANN,22771.00
LEILA,22771.00
MAGDALENA,22771.00
MATILDA,22771.00
MEAGAN,22771.00
OFELIA,22771.00
RANDI,22771.00
SIMONE,22771.00
VIRGIE,22771.00
ADELA,21253.00
ALEXANDRIA,21253.00
AVA,21253.00
BERNADINE,21253.00
BRIANNA,21253.00
CATALINA,21253.00
CHANDRA,21253.00
CLARISSA,21253.00
CONCEPCION,21253.00
CORRINE,21253.00
DONA,21253.00
EARLINE,21253.00
ELNORA,21253.00
ERICKA,21253.00
ESTELA,21253.00
FLOSSIE,21253.00
GRETA,21253.00
HALEY,21253.00
HILARY,21253.00
ILA,21253.00
JAMI,21253.00
LENORE,21253.00
LETHA,21253.00
LIDIA,21253.00
LILLY,21253.00
MIA,21253.00
MINERVA,21253.00
NELDA,21253.00
NOLA,21253.00
RAE,21253.00
RHODA,21253.00
ROSALYN,21253.00
RUTHIE,21253.00
SHARRON,21253.00
TERRIE,21253.00
TIA,21253.00
VALARIE,21253.00
ALLIE,19735.00
ALLYSON,19735.00
AMIE,19735.00
ASHLEE,19735.00
AVIS,19735.00
BENITA,19735.00
EMILIA,19735.00
ESMERALDA,19735.00
EVE,19735.00
HARRIETT,19735.00
HILLARY,19735.00
JEANIE,19735.00
KARINA,19735.00
LORAINE,19735.00
MALINDA,19735.00
MARYLOU,19735.00
MELISA,19735.00
MILAGROS,19735.00
NANNIE,19735.00
NEVA,19735.00
NOREEN,19735.00
ODESSA,19735.00
PEARLIE,19735.00
PENELOPE,19735.00
SAUNDRA,19735.00
SERENA,19735.00
SOFIA,19735.00
TABATHA,19735.00
TAMEKA,19735.00
TANIA,19735.00
TOMMIE,19735.00
ZELMA,19735.00
ALANA,18217.00
ALEJANDRA,18217.00
ALTHEA,18217.00
ANNABELLE,18217.00
CARLENE,18217.00
CARMELLA,18217.00
CLARE,18217.00
DARCY,18217.00
EARLENE,18217.00
EARNESTINE,18217.00
ELINOR,18217.00
GAY,18217.00
JERRI,18217.00
JOHN,18217.00
JORDAN,18217.00
JULIANNE,18217.00
KATY,18217.00
LILIA,18217.00
LIZA,18217.00
LORRIE,18217.00
LOUISA,18217.00
MALLORY,18217.00
MARCIE,18217.00
MICHAEL,18217.00
NITA,18217.00
NOEMI,18217.00
ROSALINDA,18217.00
SELENA,18217.00
TANISHA,18217.00
TAYLOR,18217.00
ALINE,16699.00
ALISSA,16699.00
CHARMAINE,16699.00
CHRYSTAL,16699.00
CLAUDINE,16699.00
COLETTE,16699.00
CORINE,16699.00
DEANNE,16699.00
DOLLIE,16699.00
EDDIE,16699.00
EDWINA,16699.00
EVANGELINE,16699.00
FRAN,16699.00
GEORGETTE,16699.00
ILENE,16699.00
JERRY,16699.00
JULIANA,16699.00
KASEY,16699.00
KATHIE,16699.00
KATHRINE,16699.00
KAYE,16699.00
KENYA,16699.00
KRIS,16699.00
LAKISHA,16699.00
LAVONNE,16699.00
LAWANDA,16699.00
LILIAN,16699.00
LINA,16699.00
LUANN,16699.00
MADGE,16699.00
MARGERY,16699.00
MARI,16699.00
MARICELA,16699.00
MARYANNE,16699.00
MELVA,16699.00
MERLE,16699.00
MITZI,16699.00
NADIA,16699.00
NANETTE,16699.00
NONA,16699.00
OPHELIA,16699.00
ROSLYN,16699.00
ROXIE,16699.00
SUZETTE,16699.00
TAMMI,16699.00
VALERIA,16699.00
YESENIA,16699.00
ALYCE,15181.00
AMALIA,15181.00
ANASTASIA,15181.00
ARACELI,15181.00
ARLINE,15181.00
AUGUSTA,15181.00
AURELIA,15181.00
BERTA,15181.00
BRIANA,15181.00
CARLY,15181.00
CHASITY,15181.00
CHRISTIAN,15181.00
CORINA,15181.00
DEENA,15181.00
DEIDRE,15181.00
DEIRDRE,15181.00
ELVIA,15181.00
GENA,15181.00
IMELDA,15181.00
JAMES,15181.00
JANNA,15181.00
JOSEFA,15181.00
JULIETTE,15181.00
KATELYN,15181.00
LAKEISHA,15181.00
LEONOR,15181.00
LESSIE,15181.00
LILIANA,15181.00
LYNNETTE,15181.00
MADELYN,15181.00
MARCI,15181.00
MARIETTA,15181.00
MARVA,15181.00
NATALIA,15181.00
REVA,15181.00
ROSANNE,15181.00
ROSEANN,15181.00
ROSELLA,15181.00
SASHA,15181.00
SAVANNAH,15181.00
SHEREE,15181.00
SUSANNA,15181.00
TESSA,15181.00
VILMA,15181.00
WENDI,15181.00
YOUNG,15181.00
ADRIAN,13663.00
AISHA,13663.00
ALBA,13663.00
ALFREDA,13663.00
ALYSON,13663.00
AMPARO,13663.00
ANGELIQUE,13663.00
ANGELITA,13663.00
ANNMARIE,13663.00
BERTIE,13663.00
BERYL,13663.00
BRIDGETT,13663.00
BRIGITTE,13663.00
BRITNEY,13663.00
CAREY,13663.00
CARISSA,13663.00
CASANDRA,13663.00
CATHRYN,13663.00
CHERRY,13663.00
COLEEN,13663.00
CONCETTA,13663.00
DIANN,13663.00
DIONNE,13663.00
ENID,13663.00
ERNA,13663.00
EVANGELINA,13663.00
FANNY,13663.00
FLORINE,13663.00
FRANCESCA,13663.00
FREIDA,13663.00
GILDA,13663.00
HALLIE,13663.00
HELGA,13663.00
HESTER,13663.00
HOLLIE,13663.00
INES,13663.00
JACKLYN,13663.00
JANELL,13663.00
JANNIE,13663.00
JULIET,13663.00
KAITLIN,13663.00
KARYN,13663.00
KATHERYN,13663.00
KATINA,13663.00
LACY,13663.00
LAURI,13663.00
LEANNA,13663.00
LELIA,13663.00
LIZ,13663.00
LOLITA,13663.00
MADELEINE,13663.00
MAI,13663.00
MARA,13663.00
MARIANA,13663.00
MARQUITA,13663.00
MARYELLEN,13663.00
MAURA,13663.00
MILLICENT,13663.00
PHOEBE,13663.00
QUEEN,13663.00
REYNA,13663.00
RHEA,13663.00
ROSANNA,13663.00
ROWENA,13663.00
TAMERA,13663.00
TAMRA,13663.00
TISHA,13663.00
TWILA,13663.00
WILDA,13663.00
ABBIE,12145.00
ADELAIDE,12145.00
ALLENE,12145.00
ANTIONETTE,12145.00
ASHLEIGH,12145.00
BEVERLEY,12145.00
BOBBY,12145.00
BRANDIE,12145.00
CAMILLA,12145.00
CARYN,12145.00
CELINA,12145.00
CHELSEY,12145.00
CORTNEY,12145.00
DAYNA,12145.00
DEANN,12145.00
DEIDRA,12145.00
DENICE,12145.00
DESSIE,12145.00
DORETHA,12145.00
EDYTHE,12145.00
ELBA,12145.00
ELDA,12145.00
ELISHA,12145.00
EMILIE,12145.00
FELECIA,12145.00
GAYLA,12145.00
GERI,12145.00
GERMAINE,12145.00
GUSSIE,12145.00
HERMINIA,12145.00
ISABELLA,12145.00
JADE,12145.00
JASMIN,12145.00
JESSE,12145.00
JUDI,12145.00
JUSTINA,12145.00
KAITLYN,12145.00
KATHI,12145.00
KIMBERLEE,12145.00
KITTY,12145.00
LAKESHA,12145.00
LASHONDA,12145.00
LATANYA,12145.00
LEEANN,12145.00
LESA,12145.00
LETA,12145.00
LETITIA,12145.00
LIBBY,12145.00
LOUELLA,12145.00
MA,12145.00
MARGOT,12145.00
MELLISA,12145.00
MICHAELA,12145.00
MICHELL,12145.00
MINA,12145.00
MONIKA,12145.00
NAN,12145.00
NELLY,12145.00
NOELLE,12145.00
OCTAVIA,12145.00
PAMALA,12145.00
PANSY,12145.00
RENAE,12145.00
ROBERT,12145.00
ROCIO,12145.00
ROSALIA,12145.00
SELINA,12145.00
SHARLENE,12145.00
SIERRA,12145.00
SYDNEY,12145.00
TERRA,12145.00
TORI,12145.00
VONDA,12145.00
ZELDA,12145.00
ADELINA,10627.00
ADRIANNE,10627.00
AGATHA,10627.00
ALECIA,10627.00
ALENE,10627.00
ARIEL,10627.00
ARLEEN,10627.00
ATHENA,10627.00
AUBREY,10627.00
BELLE,10627.00
BENNIE,10627.00
BESS,10627.00
BIRDIE,10627.00
BRIANNE,10627.00
CAREN,10627.00
CARI,10627.00
CATRINA,10627.00
CELESTINE,10627.00
CHANTEL,10627.00
CHLOE,10627.00
CHONG,10627.00
CHRISTEN,10627.00
CHRISTIN,10627.00
CINDI,10627.00
DANETTE,10627.00
DANIELA,10627.00
DANNA,10627.00
DARA,10627.00
DEBBY,10627.00
DELILAH,10627.00
DELMA,10627.00
DELPHINE,10627.00
DEMETRIA,10627.00
DESTINY,10627.00
DEVON,10627.00
DINAH,10627.00
DOTTIE,10627.00
ELEANORE,10627.00
ELIA,10627.00
ELIDA,10627.00
ELOISA,10627.00
ERNESTINA,10627.00
FATIMA,10627.00
FREDDIE,10627.00
GRISELDA,10627.00
GUILLERMINA,10627.00
HANNA,10627.00
HORTENCIA,10627.00
IOLA,10627.00
IONA,10627.00
IVETTE,10627.00
JACQULINE,10627.00
JANEL,10627.00
JAQUELINE,10627.00
JEANNA,10627.00
JENA,10627.00
KARRIE,10627.00
KRYSTLE,10627.00
LASHAWN,10627.00
LATRICE,10627.00
LEORA,10627.00
LONA,10627.00
LUCRETIA,10627.00
MALISSA,10627.00
MARIANNA,10627.00
MARILYNN,10627.00
MARISELA,10627.00
MARYBETH,10627.00
MARYJANE,10627.00
MAUDIE,10627.00
MAURINE,10627.00
MERRY,10627.00
MIGDALIA,10627.00
NILDA,10627.00
OMA,10627.00
PATTIE,10627.00
PORTIA,10627.00
RACHEAL,10627.00
REBECA,10627.00
RETHA,10627.00
ROBBIN,10627.00
ROSALEE,10627.00
ROSITA,10627.00
SHELLIE,10627.00
SHIELA,10627.00
SHONDA,10627.00
SOLEDAD,10627.00
SUN,10627.00
TARYN,10627.00
TAWANA,10627.00
TERA,10627.00
TERESITA,10627.00
TESSIE,10627.00
THEODORA,10627.00
TILLIE,10627.00
TREVA,10627.00
VEDA,10627.00
VERDA,10627.00
VERNICE,10627.00
VIDA,10627.00
VIRGINA,10627.00
WILHELMINA,10627.00
WILLIAM,10627.00
WINONA,10627.00
YONG,10627.00
ALETHA,9109.00
ALEXA,9109.00
ALINA,9109.00
ALVA,9109.00
ALVINA,9109.00
ANNEMARIE,9109.00
ANNETTA,9109.00
ARETHA,9109.00
BARB,9109.00
BELLA,9109.00
BELVA,9109.00
BERNIECE,9109.00
BETTINA,9109.00
BREANNA,9109.00
CANDIDA,9109.00
CARIDAD,9109.00
CARMEL,9109.00
CARMELITA,9109.00
CARROLL,9109.00
CATHARINE,9109.00
CATHRINE,9109.00
CHARLA,9109.00
CHARLES,9109.00
CHARLIE,9109.00
CHRISTAL,9109.00
CORI,9109.00
CRISTY,9109.00
CRUZ,9109.00
DALIA,9109.00
DAMARIS,9109.00
DAVID,9109.00
DELOIS,9109.00
DOMINGA,9109.00
DORRIS,9109.00
ELISSA,9109.00
ELLIE,9109.00
ELOUISE,9109.00
ELYSE,9109.00
ERLINDA,9109.00
EVETTE,9109.00
FELICITA,9109.00
FILOMENA,9109.00
FLOR,9109.00
GILLIAN,9109.00
GISELA,9109.00
HARRIETTE,9109.00
HAYDEE,9109.00
INDIA,9109.00
IONE,9109.00
ISABELL,9109.00
JAYME,9109.00
JUNG,9109.00
KERRIE,9109.00
KIRA,9109.00
KISHA,9109.00
KRISTAL,9109.00
KYLIE,9109.00
LARISSA,9109.00
LAURETTA,9109.00
LEOTA,9109.00
LETTIE,9109.00
LORRI,9109.00
LURA,9109.00
LYN,9109.00
MADONNA,9109.00
MANDI,9109.00
MARCELA,9109.00
MARGE,9109.00
MARJORY,9109.00
MATILDE,9109.00
MAYA,9109.00
MAYME,9109.00
MELLISSA,9109.00
MELODIE,9109.00
MIRNA,9109.00
MISSY,9109.00
NOEL,9109.00
ORALIA,9109.00
PAULINA,9109.00
PEARLINE,9109.00
PHILLIS,9109.00
PILAR,9109.00
PRICILLA,9109.00
RAFAELA,9109.00
REINA,9109.00
RENITA,9109.00
RETA,9109.00
ROSEANNE,9109.00
ROXANA,9109.00
ROXANNA,9109.00
RYAN,9109.00
SAMATHA,9109.00
SANDI,9109.00
SANTA,9109.00
SHANDA,9109.00
SHAYLA,9109.00
SUZAN,9109.00
TAMELA,9109.00
TANA,9109.00
TIARA,9109.00
TIFFANI,9109.00
TOMASA,9109.00
TRINIDAD,9109.00
UNA,9109.00
VADA,9109.00
VALENCIA,9109.00
VENUS,9109.00
VERNELL,9109.00
VESTA,9109.00
ZELLA,9109.00
ZENAIDA,9109.00
ZOE,9109.00
ZOILA,9109.00
ADELL,7590.00
ALAINA,7590.00
ALPHA,7590.00
ANDRA,7590.00
ANDRIA,7590.00
ANISSA,7590.00
ANNAMARIE,7590.00
ANTONETTE,7590.00
ARIANA,7590.00
ASIA,7590.00
AURA,7590.00
BELEN,7590.00
BLAIR,7590.00
BRENNA,7590.00
CANDI,7590.00
CARROL,7590.00
CECIL,7590.00
CHANEL,7590.00
CHANTAL,7590.00
CHARLEEN,7590.00
CHARLINE,7590.00
CHASTITY,7590.00
CHIQUITA,7590.00
CLEMENTINE,7590.00
COLLETTE,7590.00
CORDELIA,7590.00
COREY,7590.00
CORRIE,7590.00
CRISTAL,7590.00
DANELLE,7590.00
DANIEL,7590.00
DANITA,7590.00
DARLEEN,7590.00
DEBI,7590.00
DEBRAH,7590.00
DELFINA,7590.00
DONNIE,7590.00
DORCAS,7590.00
DORENE,7590.00
DORTHA,7590.00
DOVIE,7590.00
DULCE,7590.00
EASTER,7590.00
EULALIA,7590.00
FABIOLA,7590.00
FLOY,7590.00
GABRIELLA,7590.00
GAYE,7590.00
GENE,7590.00
GENOVEVA,7590.00
GEORGE,7590.00
GEORGIANA,7590.00
GEORGIANNA,7590.00
GERRI,7590.00
GERRY,7590.00
GERTIE,7590.00
GINNY,7590.00
GREGORIA,7590.00
HAYLEY,7590.00
HELLEN,7590.00
HERLINDA,7590.00
HILDEGARD,7590.00
IDELLA,7590.00
IMA,7590.00
IVONNE,7590.00
IVORY,7590.00
JACQUE,7590.00
JACQUELIN,7590.00
JANNETTE,7590.00
JEANA,7590.00
JESICA,7590.00
JOE,7590.00
JOELLE,7590.00
JOHNNA,7590.00
JOSEPH,7590.00
JOSETTE,7590.00
JOVITA,7590.00
JULI,7590.00
JULIANNA,7590.00
KAROL,7590.00
KARON,7590.00
KESHA,7590.00
KESHIA,7590.00
KIA,7590.00
KYLA,7590.00
LAN,7590.00
LAQUITA,7590.00
LATONIA,7590.00
LATRICIA,7590.00
LAVERN,7590.00
LEILANI,7590.00
LEONE,7590.00
LEONORA,7590.00
LIA,7590.00
LINDY,7590.00
LIZETTE,7590.00
LONNIE,7590.00
LOREN,7590.00
LORINE,7590.00
LOUANN,7590.00
LOUIS,7590.00
LUANNE,7590.00
LUCILA,7590.00
MAGDA,7590.00
MAJORIE,7590.00
MARCELLE,7590.00
MARIAH,7590.00
MARIAM,7590.00
MARLENA,7590.00
MARLYN,7590.00
MARLYS,7590.00
MAUD,7590.00
MEI,7590.00
MELVINA,7590.00
MI,7590.00
MICAELA,7590.00
MIMI,7590.00
MISTI,7590.00
MOZELLE,7590.00
MYRTIS,7590.00
NAKIA,7590.00
NATHALIE,7590.00
NEDRA,7590.00
NEREIDA,7590.00
NICKI,7590.00
NIKI,7590.00
NIKITA,7590.00
OLETA,7590.00
ONA,7590.00
PERLA,7590.00
PHILOMENA,7590.00
PRECIOUS,7590.00
PRINCESS,7590.00
RAVEN,7590.00
RAY,7590.00
RENATA,7590.00
RENATE,7590.00
RICHELLE,7590.00
ROMA,7590.00
ROMONA,7590.00
ROSALBA,7590.00
ROSALINA,7590.00
ROSELYN,7590.00
ROXANN,7590.00
SABINA,7590.00
SAMMIE,7590.00
SHANON,7590.00
SHANTEL,7590.00
SHARONDA,7590.00
SHARYN,7590.00
SHELLI,7590.00
STACIA,7590.00
STEPHANY,7590.00
STEPHENIE,7590.00
SUNNY,7590.00
SUZANNA,7590.00
TATIANA,7590.00
TENA,7590.00
THEA,7590.00
THEDA,7590.00
TIANA,7590.00
TONJA,7590.00
TOSHA,7590.00
TRISTA,7590.00
TWYLA,7590.00
TYRA,7590.00
VALENTINA,7590.00
VALORIE,7590.00
VELDA,7590.00
VENESSA,7590.00
VERLA,7590.00
VIKKI,7590.00
VIOLETA,7590.00
VIVIANA,7590.00
YADIRA,7590.00
ABBEY,6072.00
ADELAIDA,6072.00
ADRIANE,6072.00
ADRIANNA,6072.00
ALANNA,6072.00
ALBINA,6072.00
ALDA,6072.00
ALESHA,6072.00
ALESIA,6072.00
ALETA,6072.00
ALTAGRACIA,6072.00
AMI,6072.00
ANABEL,6072.00
ANH,6072.00
ARACELY,6072.00
ARDIS,6072.00
ARDITH,6072.00
ARMIDA,6072.00
ARTIE,6072.00
ASHTON,6072.00
ASTRID,6072.00
BAMBI,6072.00
BERNITA,6072.00
BILLY,6072.00
BLANCH,6072.00
BONNY,6072.00
BRIGETTE,6072.00
BRITTANI,6072.00
BROOK,6072.00
CAITLYN,6072.00
CANDELARIA,6072.00
CARINA,6072.00
CARLEEN,6072.00
CARLOTTA,6072.00
CARMAN,6072.00
CAROLEE,6072.00
CARY,6072.00
CARYL,6072.00
CATHIE,6072.00
CATINA,6072.00
CHANDA,6072.00
CHARISSE,6072.00
CHELSIE,6072.00
CHERLY,6072.00
CHERYLE,6072.00
CHRISSY,6072.00
CINTHIA,6072.00
CORAL,6072.00
CORINNA,6072.00
CORY,6072.00
CRISTINE,6072.00
DANIELLA,6072.00
DARCI,6072.00
DARIA,6072.00
DAWNA,6072.00
DEVIN,6072.00
DIAN,6072.00
DONITA,6072.00
DORI,6072.00
DORINDA,6072.00
EDIE,6072.00
ELAINA,6072.00
ELENOR,6072.00
ELIZEBETH,6072.00
ENA,6072.00
ENRIQUETA,6072.00
ERA,6072.00
EVIE,6072.00
EVONNE,6072.00
FARRAH,6072.00
FAWN,6072.00
FELICITAS,6072.00
FELIPA,6072.00
FELISHA,6072.00
FLORIDA,6072.00
GARNET,6072.00
GEORGIE,6072.00
GERDA,6072.00
GISELLE,6072.00
HAILEY,6072.00
HERMELINDA,6072.00
HOLLI,6072.00
HONG,6072.00
HORTENSE,6072.00
ILEANA,6072.00
ILSE,6072.00
INGE,6072.00
IRA,6072.00
JADA,6072.00
JAIMIE,6072.00
JAMILA,6072.00
JANEEN,6072.00
JANINA,6072.00
JEANE,6072.00
JEANETTA,6072.00
JENELLE,6072.00
JENIFFER,6072.00
JENNETTE,6072.00
JENNI,6072.00
JERRIE,6072.00
JOANIE,6072.00
JOELLEN,6072.00
JOLEEN,6072.00
JONNIE,6072.00
JOSEPHINA,6072.00
JOYCELYN,6072.00
KALA,6072.00
KAMI,6072.00
KARISSA,6072.00
KAROLYN,6072.00
KASSANDRA,6072.00
KEELY,6072.00
KENDALL,6072.00
KORI,6072.00
KYLE,6072.00
KYONG,6072.00
KYRA,6072.00
KYUNG,6072.00
LACIE,6072.00
LAKESHIA,6072.00
LASHANDA,6072.00
LATOSHA,6072.00
LAUREEN,6072.00
LAURETTE,6072.00
LAVINA,6072.00
LAVON,6072.00
LEATRICE,6072.00
LEISA,6072.00
LIDA,6072.00
LINNEA,6072.00
LINNIE,6072.00
LISE,6072.00
LISETTE,6072.00
LISSETTE,6072.00
LIZABETH,6072.00
LIZBETH,6072.00
LORENZA,6072.00
LOVIE,6072.00
LUCIE,6072.00
LULU,6072.00
LYNDSEY,6072.00
MACKENZIE,6072.00
MAGDALENE,6072.00
MAGNOLIA,6072.00
MARANDA,6072.00
MARCELINA,6072.00
MARGARETTE,6072.00
MARIANN,6072.00
MARILEE,6072.00
MARITA,6072.00
MARK,6072.00
MARNIE,6072.00
MARQUERITE,6072.00
MARTI,6072.00
MARTY,6072.00
MARVEL,6072.00
MARYLIN,6072.00
MAXIE,6072.00
MAYBELLE,6072.00
MEAGHAN,6072.00
MELINA,6072.00
MELONY,6072.00
META,6072.00
MICKEY,6072.00
MIREYA,6072.00
MIRIAN,6072.00
MITTIE,6072.00
MYRIAM,6072.00
NANCI,6072.00
NANNETTE,6072.00
NATIVIDAD,6072.00
NENA,6072.00
NICOLA,6072.00
NILA,6072.00
NOVA,6072.00
NOVELLA,6072.00
NYDIA,6072.00
OK,6072.00
ORPHA,6072.00
PEGGIE,6072.00
PENNIE,6072.00
PHUONG,6072.00
PHYLIS,6072.00
PHYLISS,6072.00
PRUDENCE,6072.00
RHIANNON,6072.00
RICHARD,6072.00
RONA,6072.00
RONNIE,6072.00
ROSEANNA,6072.00
ROSINA,6072.00
ROXANE,6072.00
RUBYE,6072.00
RUTHANN,6072.00
SALINA,6072.00
SANJUANA,6072.00
SANJUANITA,6072.00
SANTOS,6072.00
SCARLETT,6072.00
SHAINA,6072.00
SHALONDA,6072.00
SHAMEKA,6072.00
SHAMIKA,6072.00
SHANTA,6072.00
SHANTE,6072.00
SHARA,6072.00
SHARLA,6072.00
SHAYNA,6072.00
SHERIE,6072.00
SHERITA,6072.00
SHERRILL,6072.00
SHIRLENE,6072.00
SIDNEY,6072.00
SOON,6072.00
STARLA,6072.00
STARR,6072.00
SUSANNAH,6072.00
TAWANDA,6072.00
TAWNYA,6072.00
TEENA,6072.00
TERESE,6072.00
TERESSA,6072.00
THUY,6072.00
TIERRA,6072.00
TIFFANIE,6072.00
TOBY,6072.00
TOMEKA,6072.00
TONY,6072.00
TOYA,6072.00
TRENA,6072.00
TRESA,6072.00
TRESSA,6072.00
VENITA,6072.00
VERGIE,6072.00
VICKEY,6072.00
WINDY,6072.00
WINNIFRED,6072.00
XIOMARA,6072.00
YASMIN,6072.00
YOLONDA,6072.00
YOSHIKO,6072.00
ZOLA,6072.00
ZORAIDA,6072.00
ADELIA,4554.00
ADELLA,4554.00
ADELLE,4554.00
ADINA,4554.00
ADRIA,4554.00
AFTON,4554.00
AGUSTINA,4554.00
AJA,4554.00
ALBERTHA,4554.00
ALBERTINE,4554.00
ALENA,4554.00
ALETHEA,4554.00
ALEXIA,4554.00
ALIDA,4554.00
ALMEDA,4554.00
ALYCIA,4554.00
ALYSIA,4554.00
AMADA,4554.00
AMERICA,4554.00
ANASTACIA,4554.00
ANGELLA,4554.00
ANGLEA,4554.00
ANIKA,4554.00
ANITRA,4554.00
ANNABEL,4554.00
ANNELIESE,4554.00
ANTHONY,4554.00
ANTONINA,4554.00
ARCELIA,4554.00
ARIELLE,4554.00
ARLETTE,4554.00
ASHA,4554.00
ASHELY,4554.00
ASHLIE,4554.00
ASHLY,4554.00
AUDRY,4554.00
AUGUSTINE,4554.00
AUREA,4554.00
AWILDA,4554.00
AYESHA,4554.00
BAILEY,4554.00
BARBIE,4554.00
BEA,4554.00
BERENICE,4554.00
BOBBYE,4554.00
BRANDEE,4554.00
BREANNE,4554.00
BREE,4554.00
BRITT,4554.00
BUFFY,4554.00
CAMERON,4554.00
CAMI,4554.00
CANDANCE,4554.00
CANDIS,4554.00
CARIN,4554.00
CARLOTA,4554.00
CARLYN,4554.00
CARMA,4554.00
CAROLANN,4554.00
CAROLYNN,4554.00
CARON,4554.00
CARRI,4554.00
CASSIDY,4554.00
CATHI,4554.00
CECILY,4554.00
CHANA,4554.00
CHANTELLE,4554.00
CHARISSA,4554.00
CHARLETTE,4554.00
CHAROLETTE,4554.00
CHERISE,4554.00
CHERRI,4554.00
CHERRIE,4554.00
CHEYENNE,4554.00
CHRISTEL,4554.00
CHRISTENE,4554.00
CHRISTIANA,4554.00
CHRISTIANE,4554.00
CHRISTOPHER,4554.00
CHUN,4554.00
CIARA,4554.00
CIERRA,4554.00
CINDA,4554.00
CLAIR,4554.00
CLARIBEL,4554.00
CLETA,4554.00
CLYDE,4554.00
CORAZON,4554.00
CORENE,4554.00
CORRINA,4554.00
CRISTI,4554.00
CRISTIN,4554.00
CYNDI,4554.00
CYTHIA,4554.00
DANI,4554.00
DANICA,4554.00
DANIELE,4554.00
DANNIELLE,4554.00
DANYELLE,4554.00
DARCIE,4554.00
DARLINE,4554.00
DAVIDA,4554.00
DAVINA,4554.00
DEAN,4554.00
DEB,4554.00
DEBBRA,4554.00
DEDRA,4554.00
DELORA,4554.00
DELPHIA,4554.00
DEMETRA,4554.00
DENEEN,4554.00
DENNA,4554.00
DESIRAE,4554.00
DOMENICA,4554.00
DOROTHA,4554.00
DORTHEA,4554.00
DUSTY,4554.00
EARTHA,4554.00
EBONI,4554.00
EDA,4554.00
EDELMIRA,4554.00
EDEN,4554.00
ELANA,4554.00
ELDORA,4554.00
ELEANORA,4554.00
ELFRIEDE,4554.00
ELMIRA,4554.00
ELNA,4554.00
ELVERA,4554.00
EMELIA,4554.00
EMOGENE,4554.00
ENEDINA,4554.00
ESTRELLA,4554.00
ETHELYN,4554.00
EUGENIE,4554.00
EUN,4554.00
EVALYN,4554.00
EVELIA,4554.00
EVON,4554.00
FALLON,4554.00
FELICA,4554.00
FELICE,4554.00
FELISA,4554.00
FERNE,4554.00
FIONA,4554.00
FLORENE,4554.00
FONDA,4554.00
GABRIEL,4554.00
GAYNELL,4554.00
GEMMA,4554.00
GEORGETTA,4554.00
GERALYN,4554.00
GIOVANNA,4554.00
GISELE,4554.00
GLADIS,4554.00
GLORY,4554.00
GOLDA,4554.00
GRETTA,4554.00
HEDWIG,4554.00
HETTIE,4554.00
HOA,4554.00
HORTENSIA,4554.00
HUI,4554.00
HULDA,4554.00
HUONG,4554.00
IDALIA,4554.00
ILIANA,4554.00
ILONA,4554.00
IN,4554.00
INGA,4554.00
INGEBORG,4554.00
IRENA,4554.00
ISELA,4554.00
JACALYN,4554.00
JACINTA,4554.00
JACKELINE,4554.00
JAMMIE,4554.00
JANAE,4554.00
JANENE,4554.00
JANEY,4554.00
JAUNITA,4554.00
JAY,4554.00
JAZMIN,4554.00
JENNIFFER,4554.00
JERALDINE,4554.00
JERILYN,4554.00
JETTIE,4554.00
JOANA,4554.00
JOETTA,4554.00
JOEY,4554.00
JOHNETTA,4554.00
JOHNIE,4554.00
JOHNNY,4554.00
JOI,4554.00
JOLYNN,4554.00
JONNA,4554.00
JOSE,4554.00
JUAN,4554.00
JUDIE,4554.00
JULIANN,4554.00
JULIETA,4554.00
JULISSA,4554.00
KACEY,4554.00
KACI,4554.00
KACIE,4554.00
KANDACE,4554.00
KANDI,4554.00
KANDICE,4554.00
KANDY,4554.00
KARAN,4554.00
KARIE,4554.00
KARLENE,4554.00
KARRI,4554.00
KASANDRA,4554.00
KATHLENE,4554.00
KATHLYN,4554.00
KATHRYNE,4554.00
KATHYRN,4554.00
KAYLEE,4554.00
KECIA,4554.00
KEIKO,4554.00
KELI,4554.00
KELSIE,4554.00
KENNA,4554.00
KENYATTA,4554.00
KIARA,4554.00
KIMBERELY,4554.00
KIRSTIN,4554.00
KIZZY,4554.00
KRISTAN,4554.00
KRISTIAN,4554.00
KRISTYN,4554.00
KRYSTYNA,4554.00
KUM,4554.00
KYLEE,4554.00
LACI,4554.00
LAI,4554.00
LANETTE,4554.00
LANI,4554.00
LANITA,4554.00
LARUE,4554.00
LAURENE,4554.00
LAVADA,4554.00
LAVINIA,4554.00
LAVONDA,4554.00
LEANDRA,4554.00
LEATHA,4554.00
LEDA,4554.00
LEESA,4554.00
LENNIE,4554.00
LESLEE,4554.00
LESLI,4554.00
LI,4554.00
LIANA,4554.00
LIANE,4554.00
LIN,4554.00
LINETTE,4554.00
LINH,4554.00
LINSEY,4554.00
LISSA,4554.00
LITA,4554.00
LOREEN,4554.00
LORELEI,4554.00
LORINDA,4554.00
LORRETTA,4554.00
LU,4554.00
LUANA,4554.00
LUCIANA,4554.00
LUCIENNE,4554.00
LUE,4554.00
LUPITA,4554.00
LYDA,4554.00
LYLA,4554.00
LYNDSAY,4554.00
MACHELLE,4554.00
MADISON,4554.00
MAEGAN,4554.00
MAIRA,4554.00
MALIA,4554.00
MARGARETE,4554.00
MARIBETH,4554.00
MARIELA,4554.00
MARILOU,4554.00
MARLO,4554.00
MARRY,4554.00
MARTINE,4554.00
MARYJO,4554.00
MARYLEE,4554.00
MARYLYN,4554.00
MATHILDA,4554.00
MAZIE,4554.00
MECHELLE,4554.00
MEE,4554.00
MEG,4554.00
MELONIE,4554.00
MERCY,4554.00
MERYL,4554.00
MICKIE,4554.00
MILISSA,4554.00
MINDI,4554.00
MIRA,4554.00
MIRTA,4554.00
MODESTA,4554.00
MOIRA,4554.00
MOZELL,4554.00
MY,4554.00
MYONG,4554.00
MYRTICE,4554.00
NADA,4554.00
NAKISHA,4554.00
NELIDA,4554.00
NELLA,4554.00
NELLE,4554.00
NIA,4554.00
NICHELLE,4554.00
NICHOL,4554.00
NICOLASA,4554.00
NICOLETTE,4554.00
NIDIA,4554.00
NILSA,4554.00
NINFA,4554.00
NOELIA,4554.00
NORENE,4554.00
NORINE,4554.00
NUMBERS,4554.00
OCIE,4554.00
ODELL,4554.00
ODETTE,4554.00
OLIVA,4554.00
OTILIA,4554.00
OUIDA,4554.00
PAGE,4554.00
PALMA,4554.00
PAOLA,4554.00
PARIS,4554.00
PATRICK,4554.00
PAUL,4554.00
PINKIE,4554.00
RACQUEL,4554.00
RANDA,4554.00
RANDY,4554.00
RASHIDA,4554.00
REGAN,4554.00
RENEA,4554.00
RINA,4554.00
ROLANDA,4554.00
ROMANA,4554.00
RONNA,4554.00
ROSALINE,4554.00
ROSALVA,4554.00
ROSARIA,4554.00
ROSAURA,4554.00
RUFINA,4554.00
SABINE,4554.00
SABRA,4554.00
SADE,4554.00
SARITA,4554.00
SHANDRA,4554.00
SHANELL,4554.00
SHANI,4554.00
SHANIKA,4554.00
SHANITA,4554.00
SHANNAN,4554.00
SHANTELL,4554.00
SHAREE,4554.00
SHAREN,4554.00
SHASTA,4554.00
SHAWANDA,4554.00
SHAY,4554.00
SHENA,4554.00
SHERILYN,4554.00
SHERON,4554.00
SHERRON,4554.00
SHERRYL,4554.00
SHIRLEE,4554.00
SHIRLY,4554.00
SIBYL,4554.00
SIGRID,4554.00
SIMONA,4554.00
SIOBHAN,4554.00
STAR,4554.00
STEFANI,4554.00
STEPHAINE,4554.00
STEPHANI,4554.00
STEPHINE,4554.00
STORMY,4554.00
SU,4554.00
SUNSHINE,4554.00
SUSANN,4554.00
SUZIE,4554.00
SUZY,4554.00
SYBLE,4554.00
TALIA,4554.00
TAMAR,4554.00
TAMATHA,4554.00
TAMIE,4554.00
TAMIKO,4554.00
TANESHA,4554.00
TANGELA,4554.00
TANIKA,4554.00
TARSHA,4554.00
TAWANNA,4554.00
TENISHA,4554.00
TEODORA,4554.00
TESS,4554.00
THERSA,4554.00
THOMAS,4554.00
THOMASINA,4554.00
TIFFINY,4554.00
TOMMY,4554.00
TRACEE,4554.00
TRESSIE,4554.00
TRISH,4554.00
VAN,4554.00
VELIA,4554.00
VELVA,4554.00
VERNIE,4554.00
VERNITA,4554.00
VERONA,4554.00
VICENTA,4554.00
VINA,4554.00
VITA,4554.00
VIVA,4554.00
VONNIE,4554.00
WANITA,4554.00
WILLENE,4554.00
WYNONA,4554.00
YETTA,4554.00
YOKO,4554.00
YU,4554.00
ZAIDA,4554.00
ZANDRA,4554.00
ZENA,4554.00
ZENOBIA,4554.00
ZINA,4554.00
ZONA,4554.00
ZORA,4554.00
ZULA,4554.00
ZULMA,4554.00
AARON,3036.00
ADALINE,3036.00
ADRIENE,3036.00
AKIKO,3036.00
ALBERTINA,3036.00
ALEIDA,3036.00
ALEJANDRINA,3036.00
ALETHIA,3036.00
ALEX,3036.00
ALEXANDER,3036.00
ALI,3036.00
ALIA,3036.00
ALICA,3036.00
ALISE,3036.00
ALISHIA,3036.00
ALISIA,3036.00
ALIX,3036.00
ALIZA,3036.00
ALLA,3036.00
ALLEGRA,3036.00
ALLEN,3036.00
ALLINE,3036.00
ALMETA,3036.00
ALTHA,3036.00
ALVERA,3036.00
ALYSE,3036.00
ALYSHA,3036.00
AMINA,3036.00
AMMIE,3036.00
ANDRE,3036.00
ANDREE,3036.00
ANDREW,3036.00
ANETTE,3036.00
ANGELE,3036.00
ANGELENA,3036.00
ANGELES,3036.00
ANGELIC,3036.00
ANGELIKA,3036.00
ANGELO,3036.00
ANGLE,3036.00
ANJANETTE,3036.00
ANNABELL,3036.00
ANNALEE,3036.00
ANNALISA,3036.00
ANNAMAE,3036.00
ANNETT,3036.00
ANNICE,3036.00
ANNIS,3036.00
ANTONIETTA,3036.00
ANTONIO,3036.00
ANYA,3036.00
APRYL,3036.00
ARACELIS,3036.00
ARDELL,3036.00
ARDELLA,3036.00
ARIANE,3036.00
ARIANNA,3036.00
ARIE,3036.00
ARLA,3036.00
ARLENA,3036.00
ARLETTA,3036.00
ARMANDA,3036.00
ARMINDA,3036.00
ARNETTA,3036.00
ARNITA,3036.00
ARTHUR,3036.00
ARVILLA,3036.00
ASHLI,3036.00
ASHLYN,3036.00
ASSUNTA,3036.00
ASUNCION,3036.00
AUDIE,3036.00
AUDREA,3036.00
AUGUSTINA,3036.00
AUNDREA,3036.00
AVELINA,3036.00
AYANA,3036.00
AYANNA,3036.00
AZUCENA,3036.00
BABARA,3036.00
BABETTE,3036.00
BARBAR,3036.00
BARBERA,3036.00
BECKIE,3036.00
BELIA,3036.00
BERNEICE,3036.00
BERNETTA,3036.00
BERNIE,3036.00
BETHANN,3036.00
BETHEL,3036.00
BETSEY,3036.00
BEV,3036.00
BEVERLEE,3036.00
BILLYE,3036.00
BIRGIT,3036.00
BLYTHE,3036.00
BRANDA,3036.00
BRANDON,3036.00
BRIGID,3036.00
BRIGIDA,3036.00
BRINDA,3036.00
BRITANY,3036.00
BRITNI,3036.00
BRITTNI,3036.00
BRONWYN,3036.00
BRUNILDA,3036.00
BRYNN,3036.00
CAMELIA,3036.00
CAMMIE,3036.00
CANDIE,3036.00
CANDYCE,3036.00
CAPRICE,3036.00
CARIE,3036.00
CARISA,3036.00
CARL,3036.00
CARLETTA,3036.00
CARLEY,3036.00
CARLIE,3036.00
CARLINE,3036.00
CARMELINA,3036.00
CARMON,3036.00
CAROLYNE,3036.00
CASIE,3036.00
CATARINA,3036.00
CATERINA,3036.00
CATHEY,3036.00
CECILA,3036.00
CELENA,3036.00
CELESTINA,3036.00
CELINE,3036.00
CHANTE,3036.00
CHANTELL,3036.00
CHARISE,3036.00
CHAU,3036.00
CHAYA,3036.00
CHERISH,3036.00
CHERRYL,3036.00
CHERYLL,3036.00
CHI,3036.00
CHIN,3036.00
CHRISTEEN,3036.00
CHRISTENA,3036.00
CHUNG,3036.00
CICELY,3036.00
CIERA,3036.00
CLARINE,3036.00
CLARITA,3036.00
CLEMENTINA,3036.00
CLEMMIE,3036.00
CLEOPATRA,3036.00
CLEORA,3036.00
CLOTILDE,3036.00
CODY,3036.00
COLETTA,3036.00
COLLEN,3036.00
CONCHITA,3036.00
CONSUELA,3036.00
CORDIE,3036.00
COREEN,3036.00
CORETTA,3036.00
CORIE,3036.00
CORLISS,3036.00
CRISELDA,3036.00
CRISSY,3036.00
CRISTA,3036.00
CRISTEN,3036.00
CRISTIE,3036.00
DAGMAR,3036.00
DAHLIA,3036.00
DAISEY,3036.00
DALILA,3036.00
DALLAS,3036.00
DANAE,3036.00
DANIA,3036.00
DANIKA,3036.00
DANNETTE,3036.00
DANUTA,3036.00
DAPHINE,3036.00
DARBY,3036.00
DARNELL,3036.00
DARYL,3036.00
DAWNE,3036.00
DAYLE,3036.00
DEANDRA,3036.00
DEANE,3036.00
DEBBI,3036.00
DEBROAH,3036.00
DEEANN,3036.00
DELANA,3036.00
DELENA,3036.00
DELICIA,3036.00
DELINDA,3036.00
DELISA,3036.00
DELL,3036.00
DELPHA,3036.00
DELTA,3036.00
DEMETRICE,3036.00
DENESE,3036.00
DENISHA,3036.00
DENITA,3036.00
DENNIS,3036.00
DENNISE,3036.00
DESIRE,3036.00
DETRA,3036.00
DEVONA,3036.00
DEVORA,3036.00
DEVORAH,3036.00
DIAMOND,3036.00
DIEDRA,3036.00
DIEDRE,3036.00
DIGNA,3036.00
DIMPLE,3036.00
DIONE,3036.00
DIONNA,3036.00
DOLORIS,3036.00
DOMINQUE,3036.00
DOMONIQUE,3036.00
DONALD,3036.00
DONETTA,3036.00
DONYA,3036.00
DORATHY,3036.00
DORIAN,3036.00
DORIE,3036.00
DORINE,3036.00
DOT,3036.00
DREAMA,3036.00
DREMA,3036.00
DRUCILLA,3036.00
DRUSILLA,3036.00
DUNG,3036.00
DYAN,3036.00
EARLEAN,3036.00
EARLEEN,3036.00
ECHO,3036.00
EDDA,3036.00
EDWARD,3036.00
ELANOR,3036.00
ELAYNE,3036.00
ELEASE,3036.00
ELENI,3036.00
ELENORA,3036.00
ELIANA,3036.00
ELICIA,3036.00
ELIZBETH,3036.00
ELKE,3036.00
ELLY,3036.00
ELLYN,3036.00
ELODIA,3036.00
ELOIS,3036.00
ELSE,3036.00
ELVIE,3036.00
ELVINA,3036.00
EMA,3036.00
EMELDA,3036.00
EMIKO,3036.00
EMILEE,3036.00
EMMIE,3036.00
EMMY,3036.00
ENEIDA,3036.00
ENOLA,3036.00
EPIFANIA,3036.00
ERIC,3036.00
ERINN,3036.00
ERLENE,3036.00
ERLINE,3036.00
ERMELINDA,3036.00
ERMINIA,3036.00
ESTA,3036.00
ESTELL,3036.00
ETHELENE,3036.00
ETHYL,3036.00
EUGENE,3036.00
EVAN,3036.00
EVELIN,3036.00
EVELINA,3036.00
EVELINE,3036.00
EVELYNE,3036.00
EXIE,3036.00
FAE,3036.00
FARAH,3036.00
FAUSTINA,3036.00
FE,3036.00
FERNANDA,3036.00
FLAVIA,3036.00
FLO,3036.00
FLORANCE,3036.00
FLORENCIA,3036.00
FLORENTINA,3036.00
FLORETTA,3036.00
FLORINDA,3036.00
FRANCE,3036.00
FRANCIE,3036.00
FRANCINA,3036.00
FRANCISCO,3036.00
FRANCOISE,3036.00
FRANK,3036.00
FREDERICA,3036.00
FREDERICKA,3036.00
FREDIA,3036.00
FREEDA,3036.00
FUMIKO,3036.00
GABRIELE,3036.00
GARNETT,3036.00
GARY,3036.00
GAYLENE,3036.00
GEARLDINE,3036.00
GENIA,3036.00
GENIE,3036.00
GENNIE,3036.00
GEORGENE,3036.00
GEORGINE,3036.00
GERTHA,3036.00
GERTRUD,3036.00
GIA,3036.00
GIGI,3036.00
GLADY,3036.00
GLENDORA,3036.00
GLENNIE,3036.00
GLENNIS,3036.00
GLINDA,3036.00
GLYNDA,3036.00
GRACIA,3036.00
GUDRUN,3036.00
GWENDA,3036.00
GWENN,3036.00
GWYN,3036.00
HA,3036.00
HAE,3036.00
HALINA,3036.00
HANA,3036.00
HANH,3036.00
HANNELORE,3036.00
HARMONY,3036.00
HEDY,3036.00
HEE,3036.00
HEIDE,3036.00
HENRIETTE,3036.00
HENRY,3036.00
HERMINA,3036.00
HERMINE,3036.00
HILARIA,3036.00
HILDE,3036.00
HILDEGARDE,3036.00
HILDRED,3036.00
HILMA,3036.00
HIROKO,3036.00
HOLLEY,3036.00
HOLLIS,3036.00
HONEY,3036.00
HYACINTH,3036.00
HYE,3036.00
HYON,3036.00
HYUN,3036.00
IDELL,3036.00
IESHA,3036.00
IGNACIA,3036.00
ILANA,3036.00
ILDA,3036.00
ILUMINADA,3036.00
INDIRA,3036.00
INELL,3036.00
INGER,3036.00
INOCENCIA,3036.00
IRINA,3036.00
IRISH,3036.00
IRMGARD,3036.00
ISA,3036.00
ISAURA,3036.00
ISIDRA,3036.00
ISIS,3036.00
IVANA,3036.00
JACKI,3036.00
JACQUALINE,3036.00
JACQUELYNE,3036.00
JACQUELYNN,3036.00
JACQUILINE,3036.00
JACQULYN,3036.00
JADWIGA,3036.00
JAE,3036.00
JALEESA,3036.00
JAMEY,3036.00
JANAY,3036.00
JANESSA,3036.00
JANETH,3036.00
JANETT,3036.00
JANETTA,3036.00
JANITA,3036.00
JANN,3036.00
JASON,3036.00
JAZMINE,3036.00
JEANENE,3036.00
JEN,3036.00
JENELL,3036.00
JENETTE,3036.00
JENI,3036.00
JENICE,3036.00
JENINE,3036.00
JENISE,3036.00
JENNEFER,3036.00
JESENIA,3036.00
JESSENIA,3036.00
JESSI,3036.00
JESUS,3036.00
JESUSA,3036.00
JIMMY,3036.00
JIN,3036.00
JINA,3036.00
JODEE,3036.00
JOEANN,3036.00
JOEL,3036.00
JOELLA,3036.00
JOHANA,3036.00
JOLANDA,3036.00
JOLIE,3036.00
JONA,3036.00
JONELL,3036.00
JONELLE,3036.00
JOSELYN,3036.00
JOSLYN,3036.00
JOYE,3036.00
JULEE,3036.00
JULIAN,3036.00
JULIANE,3036.00
JULIENNE,3036.00
JUNITA,3036.00
JUSTIN,3036.00
JUTTA,3036.00
KACY,3036.00
KALEY,3036.00
KALI,3036.00
KAM,3036.00
KAREY,3036.00
KARINE,3036.00
KARL,3036.00
KARLEEN,3036.00
KARMA,3036.00
KARMEN,3036.00
KARREN,3036.00
KARYL,3036.00
KASIE,3036.00
KASSIE,3036.00
KATHALEEN,3036.00
KATHARINA,3036.00
KATHE,3036.00
KATHERIN,3036.00
KATHERN,3036.00
KATHEY,3036.00
KATI,3036.00
KATIA,3036.00
KATLYN,3036.00
KATRICE,3036.00
KATTIE,3036.00
KAYLEEN,3036.00
KAYLEIGH,3036.00
KAYLENE,3036.00
KAZUKO,3036.00
KEENA,3036.00
KEESHA,3036.00
KELLE,3036.00
KELLEE,3036.00
KELLYE,3036.00
KENA,3036.00
KENISHA,3036.00
KENNETH,3036.00
KENYETTA,3036.00
KEVIN,3036.00
KIANA,3036.00
KIERA,3036.00
KIESHA,3036.00
KILEY,3036.00
KIMBER,3036.00
KIMBERLI,3036.00
KIMBERLIE,3036.00
KIMBERY,3036.00
KIMIKO,3036.00
KINDRA,3036.00
KIRBY,3036.00
KOURTNEY,3036.00
KRISTEL,3036.00
KRYSTA,3036.00
KYM,3036.00
KYMBERLY,3036.00
LADY,3036.00
LAILA,3036.00
LANE,3036.00
LANELL,3036.00
LARAE,3036.00
LARAINE,3036.00
LARHONDA,3036.00
LARISA,3036.00
LARONDA,3036.00
LASANDRA,3036.00
LASHUNDA,3036.00
LATASHIA,3036.00
LATESHA,3036.00
LATIA,3036.00
LATICIA,3036.00
LATORIA,3036.00
LATRINA,3036.00
LAUNA,3036.00
LAURE,3036.00
LAURICE,3036.00
LAURINE,3036.00
LAVERA,3036.00
LAVERNA,3036.00
LAVONIA,3036.00
LAWANA,3036.00
LAWANNA,3036.00
LAYLA,3036.00
LE,3036.00
LEANA,3036.00
LEEANNA,3036.00
LEEANNE,3036.00
LEIGHANN,3036.00
LENNA,3036.00
LEONARDA,3036.00
LEONIE,3036.00
LEONILA,3036.00
LEONORE,3036.00
LERA,3036.00
LESIA,3036.00
LETTY,3036.00
LEXIE,3036.00
LEZLIE,3036.00
LIBERTY,3036.00
LIBRADA,3036.00
LIEN,3036.00
LIGIA,3036.00
LILI,3036.00
LILLA,3036.00
LING,3036.00
LISBETH,3036.00
LISHA,3036.00
LIVIA,3036.00
LOAN,3036.00
LOIDA,3036.00
LOMA,3036.00
LONI,3036.00
LONNA,3036.00
LORE,3036.00
LOREE,3036.00
LORIANN,3036.00
LORY,3036.00
LOUANNE,3036.00
LOUIE,3036.00
LOUVENIA,3036.00
LOVELLA,3036.00
LOYCE,3036.00
LUCINA,3036.00
LUCRECIA,3036.00
LUDIE,3036.00
LUIS,3036.00
LUISE,3036.00
LUNA,3036.00
LURLINE,3036.00
LUVENIA,3036.00
LYNELL,3036.00
LYNELLE,3036.00
LYNSEY,3036.00
MACIE,3036.00
MACY,3036.00
MADALINE,3036.00
MADALYN,3036.00
MADIE,3036.00
MADLYN,3036.00
MAGALY,3036.00
MAGAN,3036.00
MAGARET,3036.00
MAGDALEN,3036.00
MAGEN,3036.00
MAIA,3036.00
MAIDA,3036.00
MALIKA,3036.00
MALISA,3036.00
MAMMIE,3036.00
MANA,3036.00
MANDA,3036.00
MAPLE,3036.00
MARCELINE,3036.00
MAREN,3036.00
MARGARETA,3036.00
MARGARETT,3036.00
MARGARETTA,3036.00
MARGARITE,3036.00
MARGART,3036.00
MARGERET,3036.00
MARGET,3036.00
MARGIT,3036.00
MARGORIE,3036.00
MARGUERITA,3036.00
MARGURITE,3036.00
MARIEL,3036.00
MARILU,3036.00
MARIO,3036.00
MARKITA,3036.00
MARLANA,3036.00
MARLEEN,3036.00
MARLEN,3036.00
MARNA,3036.00
MARNI,3036.00
MARQUETTA,3036.00
MARTIN,3036.00
MARYA,3036.00
MARYALICE,3036.00
MARYAM,3036.00
MASAKO,3036.00
MATHILDE,3036.00
MATTHEW,3036.00
MAURICE,3036.00
MAYBELL,3036.00
MAYE,3036.00
MCKENZIE,3036.00
MEGGAN,3036.00
MEGHANN,3036.00
MELAINE,3036.00
MELANY,3036.00
MELISSIA,3036.00
MELLIE,3036.00
MELYNDA,3036.00
MERI,3036.00
MERIDITH,3036.00
MERILYN,3036.00
MERLENE,3036.00
MERNA,3036.00
MERRI,3036.00
MICAH,3036.00
MICHAL,3036.00
MICHEAL,3036.00
MICHEL,3036.00
MICHELINE,3036.00
MICHIKO,3036.00
MICKI,3036.00
MIGUELINA,3036.00
MIKA,3036.00
MIKKI,3036.00
MILA,3036.00
MILAGRO,3036.00
MIN,3036.00
MINH,3036.00
MINNA,3036.00
MIREILLE,3036.00
MIRTHA,3036.00
MONSERRATE,3036.00
MOZELLA,3036.00
MUI,3036.00
MYRLE,3036.00
MYRTIE,3036.00
MYUNG,3036.00
NAKITA,3036.00
NANA,3036.00
NANCIE,3036.00
NAOMA,3036.00
NARCISA,3036.00
NATOSHA,3036.00
NELIA,3036.00
NEOMA,3036.00
NERISSA,3036.00
NETA,3036.00
NGA,3036.00
NGOC,3036.00
NICKIE,3036.00
NICKOLE,3036.00
NICKY,3036.00
NICOL,3036.00
NICOLLE,3036.00
NIEVES,3036.00
NIKIA,3036.00
NIKOLE,3036.00
NOELLA,3036.00
NOMA,3036.00
NORAH,3036.00
NORMAN,3036.00
NYLA,3036.00
OBDULIA,3036.00
ODILIA,3036.00
OLYMPIA,3036.00
OMEGA,3036.00
ONEIDA,3036.00
OSSIE,3036.00
OZELLA,3036.00
PAMELIA,3036.00
PAMELLA,3036.00
PANDORA,3036.00
PARTICIA,3036.00
PATIENCE,3036.00
PATRINA,3036.00
PAULETTA,3036.00
PEARLE,3036.00
PEARLENE,3036.00
PENNEY,3036.00
PENNI,3036.00
PERRY,3036.00
PETRINA,3036.00
PIA,3036.00
PIEDAD,3036.00
PIPER,3036.00
PORSHA,3036.00
QIANA,3036.00
QUEENIE,3036.00
QUIANA,3036.00
RACHELE,3036.00
RACHELL,3036.00
RAEANN,3036.00
RAINA,3036.00
RAMONITA,3036.00
RANA,3036.00
RANAE,3036.00
RANDEE,3036.00
RASHEEDA,3036.00
RAYE,3036.00
RAYLENE,3036.00
RAYNA,3036.00
REATHA,3036.00
REBBECA,3036.00
REBBECCA,3036.00
REDA,3036.00
REFUGIO,3036.00
REGENA,3036.00
REGENIA,3036.00
REIKO,3036.00
REMEDIOS,3036.00
RENETTA,3036.00
RETTA,3036.00
RIKKI,3036.00
RISA,3036.00
ROCHELL,3036.00
ROMAINE,3036.00
ROMELIA,3036.00
RONALD,3036.00
RONI,3036.00
RONNI,3036.00
ROSAMOND,3036.00
ROSANA,3036.00
ROSANN,3036.00
ROSIA,3036.00
ROZELLA,3036.00
RUBIE,3036.00
RUDY,3036.00
SACHIKO,3036.00
SALENA,3036.00
SALOME,3036.00
SAM,3036.00
SAMARA,3036.00
SAMIRA,3036.00
SANG,3036.00
SANORA,3036.00
SANTANA,3036.00
SANTINA,3036.00
SARI,3036.00
SARINA,3036.00
SAVANNA,3036.00
SCARLET,3036.00
SCOTT,3036.00
SEAN,3036.00
SEBRINA,3036.00
SELENE,3036.00
SERINA,3036.00
SHA,3036.00
SHAKIRA,3036.00
SHANE,3036.00
SHANEKA,3036.00
SHANELLE,3036.00
SHANICE,3036.00
SHARITA,3036.00
SHARLEEN,3036.00
SHARYL,3036.00
SHAUN,3036.00
SHAUNNA,3036.00
SHAVON,3036.00
SHAVONNE,3036.00
SHAWANA,3036.00
SHAWNDA,3036.00
SHAWNEE,3036.00
SHAWNNA,3036.00
SHEA,3036.00
SHEILAH,3036.00
SHELA,3036.00
SHELBA,3036.00
SHEMIKA,3036.00
SHENITA,3036.00
SHERLEY,3036.00
SHERLY,3036.00
SHERLYN,3036.00
SHERRELL,3036.00
SHERY,3036.00
SHIRA,3036.00
SHIRLEEN,3036.00
SHONA,3036.00
SHONNA,3036.00
SHOSHANA,3036.00
SHU,3036.00
SIGNE,3036.00
SILVA,3036.00
SILVANA,3036.00
SINDY,3036.00
SKYE,3036.00
SLYVIA,3036.00
SO,3036.00
SOLANGE,3036.00
SOMMER,3036.00
SON,3036.00
SONG,3036.00
SOO,3036.00
SOOK,3036.00
SORAYA,3036.00
SPRING,3036.00
STEFANIA,3036.00
STEFFANIE,3036.00
STEPHANE,3036.00
STEPHEN,3036.00
STEVEN,3036.00
STEVIE,3036.00
SUDIE,3036.00
SUEANN,3036.00
SUELLEN,3036.00
SUK,3036.00
SUNG,3036.00
SUZANN,3036.00
SYNTHIA,3036.00
SYREETA,3036.00
TABETHA,3036.00
TAKISHA,3036.00
TALISHA,3036.00
TALITHA,3036.00
TAM,3036.00
TAMALA,3036.00
TAMEIKA,3036.00
TAMEKIA,3036.00
TAMESHA,3036.00
TAMICA,3036.00
TAMMARA,3036.00
TANJA,3036.00
TANNA,3036.00
TARAH,3036.00
TASHIA,3036.00
TAWNY,3036.00
TEMEKA,3036.00
TENNIE,3036.00
TENNILLE,3036.00
TEQUILA,3036.00
TEREASA,3036.00
TERRESA,3036.00
TESHA,3036.00
THALIA,3036.00
THANH,3036.00
THAO,3036.00
THEO,3036.00
THEOLA,3036.00
THERESIA,3036.00
THOMASINE,3036.00
THRESA,3036.00
THU,3036.00
TIANNA,3036.00
TIESHA,3036.00
TINY,3036.00
TOMIKA,3036.00
TOMOKO,3036.00
TONDA,3036.00
TONIE,3036.00
TOSHIKO,3036.00
TOWANDA,3036.00
TRANG,3036.00
TRINITY,3036.00
TRISTAN,3036.00
TRUDI,3036.00
TRUDIE,3036.00
TRULA,3036.00
TUYET,3036.00
TWANA,3036.00
TYESHA,3036.00
TYLER,3036.00
USHA,3036.00
VAL,3036.00
VALDA,3036.00
VALERY,3036.00
VALLIE,3036.00
VANDA,3036.00
VANESA,3036.00
VANITA,3036.00
VANNESSA,3036.00
VELLA,3036.00
VELVET,3036.00
VENA,3036.00
VENICE,3036.00
VEOLA,3036.00
VERDELL,3036.00
VERDIE,3036.00
VERENA,3036.00
VERLENE,3036.00
VERLIE,3036.00
VERNETTA,3036.00
VERSIE,3036.00
VETA,3036.00
VINCENZA,3036.00
VINNIE,3036.00
VIOLETTE,3036.00
VIVAN,3036.00
VIVIEN,3036.00
VIVIENNE,3036.00
WAI,3036.00
WALTER,3036.00
WALTRAUD,3036.00
WEI,3036.00
WILLETTE,3036.00
WILLIA,3036.00
WONDA,3036.00
YAN,3036.00
YANG,3036.00
YANIRA,3036.00
YEE,3036.00
YEN,3036.00
YI,3036.00
YING,3036.00
YOLANDE,3036.00
YOLANDO,3036.00
YUKIKO,3036.00
YUKO,3036.00
YUN,3036.00
ZITA,3036.00
ZOFIA,3036.00
ZULEMA,3036.00
ADAH,1518.00
ADAM,1518.00
ADENA,1518.00
ADRIEN,1518.00
AGNUS,1518.00
AGRIPINA,1518.00
AGUEDA,1518.00
AI,1518.00
AIDE,1518.00
AIKO,1518.00
AILENE,1518.00
AKILAH,1518.00
ALAINE,1518.00
ALANE,1518.00
ALAYNA,1518.00
ALBERT,1518.00
ALEASE,1518.00
ALEEN,1518.00
ALEISHA,1518.00
ALESHIA,1518.00
ALESSANDRA,1518.00
ALFREDIA,1518.00
ALITA,1518.00
ALLEEN,1518.00
ALLENA,1518.00
ALLYN,1518.00
ALONA,1518.00
ALVERTA,1518.00
ALYSA,1518.00
AMAL,1518.00
AMBERLY,1518.00
AMEE,1518.00
AMIEE,1518.00
AMIRA,1518.00
AN,1518.00
ANALISA,1518.00
ANAMARIA,1518.00
ANDERA,1518.00
ANGELYN,1518.00
ANGILA,1518.00
ANGLA,1518.00
ANISA,1518.00
ANISHA,1518.00
ANJA,1518.00
ANJELICA,1518.00
ANNAMARIA,1518.00
ANNELLE,1518.00
ANNIKA,1518.00
ANNITA,1518.00
ANTONETTA,1518.00
APOLONIA,1518.00
ARA,1518.00
ARDATH,1518.00
ARDELIA,1518.00
ARDELLE,1518.00
ARGELIA,1518.00
ARGENTINA,1518.00
ARIANNE,1518.00
ARICA,1518.00
ARLEAN,1518.00
ARLETHA,1518.00
ARLINDA,1518.00
ARLYNE,1518.00
ARMANDINA,1518.00
ARNETTE,1518.00
ASHANTI,1518.00
ASHLEA,1518.00
ASLEY,1518.00
AUDRIA,1518.00
AUDRIE,1518.00
AURORE,1518.00
AUSTIN,1518.00
AVERY,1518.00
AVRIL,1518.00
AYAKO,1518.00
AZALEE,1518.00
AZZIE,1518.00
BAO,1518.00
BARABARA,1518.00
BARI,1518.00
BARRIE,1518.00
BASILIA,1518.00
BEATA,1518.00
BEATRIS,1518.00
BEAULAH,1518.00
BEBE,1518.00
BECKI,1518.00
BEE,1518.00
BELKIS,1518.00
BELL,1518.00
BERNA,1518.00
BERNARDA,1518.00
BERNARDINA,1518.00
BERNARDINE,1518.00
BERRY,1518.00
BETHANIE,1518.00
BETTYANN,1518.00
BEULA,1518.00
BIBI,1518.00
BILLI,1518.00
BLAKE,1518.00
BLONDELL,1518.00
BLOSSOM,1518.00
BOBETTE,1518.00
BOK,1518.00
BONG,1518.00
BRANDE,1518.00
BREANA,1518.00
BREANN,1518.00
BRETT,1518.00
BRIAN,1518.00
BRITTA,1518.00
BRITTANEY,1518.00
BRITTANIE,1518.00
BRITTENY,1518.00
BRITTNY,1518.00
BRUNA,1518.00
BRYANNA,1518.00
BUENA,1518.00
BULA,1518.00
BULAH,1518.00
BUNNY,1518.00
BURMA,1518.00
CALANDRA,1518.00
CALISTA,1518.00
CAMELLIA,1518.00
CAMIE,1518.00
CAMILA,1518.00
CAMMY,1518.00
CANDRA,1518.00
CARITA,1518.00
CARLEE,1518.00
CARLENA,1518.00
CARLI,1518.00
CARLITA,1518.00
CARLOS,1518.00
CARMELIA,1518.00
CARMINA,1518.00
CAROLA,1518.00
CAROLIN,1518.00
CAROLL,1518.00
CAROYLN,1518.00
CARRY,1518.00
CARYLON,1518.00
CASIMIRA,1518.00
CASSAUNDRA,1518.00
CASSEY,1518.00
CASSI,1518.00
CASSONDRA,1518.00
CASSY,1518.00
CATHERIN,1518.00
CATHERINA,1518.00
CATHERN,1518.00
CATHERYN,1518.00
CATRICE,1518.00
CAYLA,1518.00
CECILLE,1518.00
CELESTA,1518.00
CELINDA,1518.00
CELSA,1518.00
CEOLA,1518.00
CHAE,1518.00
CHAN,1518.00
CHANELL,1518.00
CHANELLE,1518.00
CHANG,1518.00
CHANTAY,1518.00
CHARA,1518.00
CHARIS,1518.00
CHARITA,1518.00
CHARLENA,1518.00
CHARLESETTA,1518.00
CHARLOTT,1518.00
CHARLSIE,1518.00
CHARLYN,1518.00
CHARMAIN,1518.00
CHASIDY,1518.00
CHASSIDY,1518.00
CHER,1518.00
CHERE,1518.00
CHEREE,1518.00
CHERELLE,1518.00
CHERILYN,1518.00
CHERLYN,1518.00
CHERY,1518.00
CHIA,1518.00
CHIEKO,1518.00
CHINA,1518.00
CHING,1518.00
CHRISTIA,1518.00
CHRISTINIA,1518.00
CHU,1518.00
CINDERELLA,1518.00
CINDIE,1518.00
CIRA,1518.00
CLARENCE,1518.00
CLARETHA,1518.00
CLARETTA,1518.00
CLARINDA,1518.00
CLARIS,1518.00
CLARISA,1518.00
CLASSIE,1518.00
CLAUDE,1518.00
CLAUDIE,1518.00
CLELIA,1518.00
CLEMENCIA,1518.00
CLEOTILDE,1518.00
CLORA,1518.00
CLORINDA,1518.00
CODI,1518.00
COLBY,1518.00
COLENE,1518.00
COLLENE,1518.00
CONCEPTION,1518.00
CONCHA,1518.00
CONTESSA,1518.00
CORALEE,1518.00
CORALIE,1518.00
CORDIA,1518.00
CORRIN,1518.00
CORRINNE,1518.00
CREOLA,1518.00
CRIS,1518.00
CRYSTA,1518.00
CRYSTLE,1518.00
CUC,1518.00
CURTIS,1518.00
CYNDY,1518.00
CYRSTAL,1518.00
DACIA,1518.00
DAGNY,1518.00
DAINA,1518.00
DAINE,1518.00
DAKOTA,1518.00
DALENE,1518.00
DAN,1518.00
DANIELL,1518.00
DANILLE,1518.00
DANN,1518.00
DANNIE,1518.00
DANYEL,1518.00
DANYELL,1518.00
DARCEL,1518.00
DARCEY,1518.00
DARLENA,1518.00
DAYSI,1518.00
DEADRA,1518.00
DEANDREA,1518.00
DEBERA,1518.00
DEDE,1518.00
DEEANNA,1518.00
DEEDEE,1518.00
DEEDRA,1518.00
DEETTA,1518.00
DEJA,1518.00
DELAINE,1518.00
DELCIE,1518.00
DELILA,1518.00
DELMY,1518.00
DELOISE,1518.00
DELORAS,1518.00
DELORSE,1518.00
DELSIE,1518.00
DEMETRIUS,1518.00
DENAE,1518.00
DENISSE,1518.00
DENNY,1518.00
DENYSE,1518.00
DEON,1518.00
DEONNA,1518.00
DESPINA,1518.00
DIA,1518.00
DIERDRE,1518.00
DINORAH,1518.00
DION,1518.00
DIVINA,1518.00
DODIE,1518.00
DOMINICA,1518.00
DOMITILA,1518.00
DONELLA,1518.00
DONETTE,1518.00
DONG,1518.00
DONNETTA,1518.00
DONNETTE,1518.00
DOREATHA,1518.00
DORETHEA,1518.00
DORETTA,1518.00
DORIA,1518.00
DORLA,1518.00
DORTHEY,1518.00
DOTTY,1518.00
DREW,1518.00
DULCIE,1518.00
DUSTI,1518.00
DWANA,1518.00
EARLIE,1518.00
EBONIE,1518.00
EDRA,1518.00
EDRIS,1518.00
EDYTH,1518.00
EHTEL,1518.00
EILENE,1518.00
ELA,1518.00
ELADIA,1518.00
ELANE,1518.00
ELENE,1518.00
ELENORE,1518.00
ELEONOR,1518.00
ELEONORA,1518.00
ELEONORE,1518.00
ELFREDA,1518.00
ELFRIEDA,1518.00
ELIDIA,1518.00
ELIN,1518.00
ELINA,1518.00
ELINORE,1518.00
ELIZ,1518.00
ELIZABET,1518.00
ELLAMAE,1518.00
ELLAN,1518.00
ELLENA,1518.00
ELLI,1518.00
ELLIS,1518.00
ELMER,1518.00
ELSY,1518.00
ELWANDA,1518.00
ELZA,1518.00
EMELINA,1518.00
EMELINE,1518.00
EMELY,1518.00
EMERALD,1518.00
EMERITA,1518.00
EMMALINE,1518.00
ENDA,1518.00
ERYN,1518.00
ESTEFANA,1518.00
ETHA,1518.00
ETSUKO,1518.00
ETTIE,1518.00
EUFEMIA,1518.00
EUGENA,1518.00
EULAH,1518.00
EUNA,1518.00
EURA,1518.00
EUSEBIA,1518.00
EUSTOLIA,1518.00
EVELYNN,1518.00
EVIA,1518.00
EVITA,1518.00
EWA,1518.00
FAIRY,1518.00
FATIMAH,1518.00
FAVIOLA,1518.00
FELICIDAD,1518.00
FERMINA,1518.00
FERNANDE,1518.00
FIDELA,1518.00
FIDELIA,1518.00
FLETA,1518.00
FLORIA,1518.00
FLORRIE,1518.00
FRANCENE,1518.00
FRANCHESCA,1518.00
FRANSISCA,1518.00
FRED,1518.00
FREDDA,1518.00
FREDRICKA,1518.00
FRIDA,1518.00
GALA,1518.00
GALINA,1518.00
GAYNELLE,1518.00
GEMA,1518.00
GENESIS,1518.00
GENEVIE,1518.00
GENEVIVE,1518.00
GENNA,1518.00
GENNY,1518.00
GEORGANN,1518.00
GEORGEANN,1518.00
GEORGEANNA,1518.00
GEORGIANN,1518.00
GEORGIANNE,1518.00
GERALD,1518.00
GERTRUDIS,1518.00
GERTUDE,1518.00
GHISLAINE,1518.00
GIANNA,1518.00
GIDGET,1518.00
GILBERTE,1518.00
GILMA,1518.00
GINETTE,1518.00
GITA,1518.00
GIUSEPPINA,1518.00
GLAYDS,1518.00
GLENN,1518.00
GLYNIS,1518.00
GOLDEN,1518.00
GRAYCE,1518.00
GRAZYNA,1518.00
GREGORY,1518.00
GRICELDA,1518.00
GRISEL,1518.00
GWYNETH,1518.00
HALLEY,1518.00
HAN,1518.00
HANG,1518.00
HAROLD,1518.00
HASSIE,1518.00
HEIDY,1518.00
HEIKE,1518.00
HELAINE,1518.00
HERMA,1518.00
HERMILA,1518.00
HERTA,1518.00
HERTHA,1518.00
HIEDI,1518.00
HIEN,1518.00
HISAKO,1518.00
HSIU,1518.00
HUE,1518.00
HWA,1518.00
HYO,1518.00
ILEEN,1518.00
ILLA,1518.00
IRAIDA,1518.00
ISADORA,1518.00
ISOBEL,1518.00
IVELISSE,1518.00
IVEY,1518.00
IZETTA,1518.00
IZOLA,1518.00
JA,1518.00
JACELYN,1518.00
JACINDA,1518.00
JACK,1518.00
JACKELYN,1518.00
JACKQUELINE,1518.00
JACQUETTA,1518.00
JACQUI,1518.00
JACQUIE,1518.00
JAIMEE,1518.00
JALISA,1518.00
JAMA,1518.00
JAME,1518.00
JAMEE,1518.00
JAMIKA,1518.00
JANEAN,1518.00
JANEE,1518.00
JANELLA,1518.00
JANI,1518.00
JANIECE,1518.00
JANISE,1518.00
JANNET,1518.00
JANUARY,1518.00
JANYCE,1518.00
JAQUELYN,1518.00
JAYE,1518.00
JAYMIE,1518.00
JAYNA,1518.00
JEANELLE,1518.00
JEANETT,1518.00
JEANICE,1518.00
JEANMARIE,1518.00
JEANNETTA,1518.00
JEFFIE,1518.00
JEFFREY,1518.00
JENAE,1518.00
JENE,1518.00
JENEE,1518.00
JENEVA,1518.00
JENNELL,1518.00
JENNINE,1518.00
JEREMY,1518.00
JERICA,1518.00
JERLENE,1518.00
JERRICA,1518.00
JESSIA,1518.00
JESSIKA,1518.00
JESTINE,1518.00
JESUSITA,1518.00
JETTA,1518.00
JI,1518.00
JINNY,1518.00
JOANE,1518.00
JOANNIE,1518.00
JOAQUINA,1518.00
JOETTE,1518.00
JOHANNE,1518.00
JOHNA,1518.00
JOHNETTE,1518.00
JOHNSIE,1518.00
JOIE,1518.00
JOLINE,1518.00
JOLYN,1518.00
JON,1518.00
JONE,1518.00
JONG,1518.00
JONIE,1518.00
JOSEFINE,1518.00
JOSHUA,1518.00
JOSPHINE,1518.00
JOVAN,1518.00
JOYA,1518.00
JUDE,1518.00
JULE,1518.00
JULENE,1518.00
JULIEANN,1518.00
JULIETTA,1518.00
JULIO,1518.00
JUNIE,1518.00
JUNKO,1518.00
JUSTA,1518.00
KA,1518.00
KAI,1518.00
KAILA,1518.00
KALEIGH,1518.00
KALLIE,1518.00
KALYN,1518.00
KAMALA,1518.00
KAMILAH,1518.00
KANDIS,1518.00
KANDRA,1518.00
KANESHA,1518.00
KANISHA,1518.00
KAREEN,1518.00
KARENA,1518.00
KARIMA,1518.00
KARISA,1518.00
KARLY,1518.00
KARLYN,1518.00
KAROLE,1518.00
KAROLINE,1518.00
KARRY,1518.00
KARY,1518.00
KASHA,1518.00
KASI,1518.00
KATELIN,1518.00
KATELYNN,1518.00
KATERINE,1518.00
KATHARYN,1518.00
KATHELEEN,1518.00
KATHERINA,1518.00
KATHLINE,1518.00
KATHRIN,1518.00
KAYCE,1518.00
KAYCEE,1518.00
KEELEY,1518.00
KEILA,1518.00
KEIRA,1518.00
KEITH,1518.00
KEITHA,1518.00
KELSI,1518.00
KEMBERLY,1518.00
KENDA,1518.00
KENDAL,1518.00
KENIA,1518.00
KERA,1518.00
KEREN,1518.00
KERSTIN,1518.00
KETURAH,1518.00
KEVA,1518.00
KHADIJAH,1518.00
KHALILAH,1518.00
KIERSTEN,1518.00
KIMBRA,1518.00
KIMI,1518.00
KINA,1518.00
KIRSTIE,1518.00
KIT,1518.00
KITTIE,1518.00
KIYOKO,1518.00
KIZZIE,1518.00
KLARA,1518.00
KORTNEY,1518.00
KRISHNA,1518.00
KRISSY,1518.00
KRISTEEN,1518.00
KRISTLE,1518.00
KRYSTEN,1518.00
KRYSTIN,1518.00
KRYSTINA,1518.00
KYOKO,1518.00
LACHELLE,1518.00
LACRESHA,1518.00
LADAWN,1518.00
LAEL,1518.00
LAHOMA,1518.00
LAINE,1518.00
LAJUANA,1518.00
LAKEESHA,1518.00
LAKENDRA,1518.00
LAKENYA,1518.00
LAKIA,1518.00
LAKIESHA,1518.00
LAKITA,1518.00
LALA,1518.00
LAMONICA,1518.00
LANELLE,1518.00
LANG,1518.00
LANIE,1518.00
LANNIE,1518.00
LANORA,1518.00
LAQUANDA,1518.00
LAREE,1518.00
LARITA,1518.00
LARRAINE,1518.00
LARRY,1518.00
LASHANDRA,1518.00
LASHAUN,1518.00
LASHAUNDA,1518.00
LASHAWNA,1518.00
LASHAWNDA,1518.00
LASHAY,1518.00
LASHELL,1518.00
LASHON,1518.00
LASONYA,1518.00
LATARSHA,1518.00
LATINA,1518.00
LATOYIA,1518.00
LATRISHA,1518.00
LAURALEE,1518.00
LAURAN,1518.00
LAURENA,1518.00
LAURENCE,1518.00
LAURINDA,1518.00
LAURYN,1518.00
LAVELLE,1518.00
LAVENIA,1518.00
LAVETA,1518.00
LAVETTE,1518.00
LAVONA,1518.00
LAVONE,1518.00
LAVONNA,1518.00
LAWRENCE,1518.00
LAYNE,1518.00
LEAN,1518.00
LEANORA,1518.00
LECIA,1518.00
LEENA,1518.00
LEIA,1518.00
LEIDA,1518.00
LEIGHA,1518.00
LEISHA,1518.00
LEKISHA,1518.00
LELAH,1518.00
LENITA,1518.00
LEO,1518.00
LEOMA,1518.00
LEON,1518.00
LEONIA,1518.00
LEONIDA,1518.00
LEONTINE,1518.00
LESHA,1518.00
LESTER,1518.00
LETISHA,1518.00
LEWIS,1518.00
LIANNE,1518.00
LIBBIE,1518.00
LIESELOTTE,1518.00
LILLI,1518.00
LILLIA,1518.00
LILLIAM,1518.00
LILLIANA,1518.00
LINDSY,1518.00
LINN,1518.00
LISABETH,1518.00
LISANDRA,1518.00
LIZETH,1518.00
LIZZETTE,1518.00
LOGAN,1518.00
LOISE,1518.00
LONDA,1518.00
LORALEE,1518.00
LOREAN,1518.00
LORETA,1518.00
LORETTE,1518.00
LORIA,1518.00
LORILEE,1518.00
LORINA,1518.00
LORIS,1518.00
LORITA,1518.00
LORRIANE,1518.00
LORRINE,1518.00
LOUETTA,1518.00
LOURA,1518.00
LOURIE,1518.00
LOVE,1518.00
LOVETTA,1518.00
LUANNA,1518.00
LUBA,1518.00
LUCI,1518.00
LUCILLA,1518.00
LUDIVINA,1518.00
LUETTA,1518.00
LURLENE,1518.00
LYNDIA,1518.00
LYNETTA,1518.00
LYNNA,1518.00
MABELLE,1518.00
MADALENE,1518.00
MADDIE,1518.00
MADELAINE,1518.00
MADELENE,1518.00
MAFALDA,1518.00
MAGALI,1518.00
MAHALIA,1518.00
MAILE,1518.00
MAIRE,1518.00
MAISHA,1518.00
MAISIE,1518.00
MAKEDA,1518.00
MALENA,1518.00
MALKA,1518.00
MALLIE,1518.00
MALORIE,1518.00
MALVINA,1518.00
MAN,1518.00
MANDIE,1518.00
MANIE,1518.00
MANY,1518.00
MAO,1518.00
MARAGARET,1518.00
MARAGRET,1518.00
MARCELENE,1518.00
MARCELL,1518.00
MARCENE,1518.00
MARCHELLE,1518.00
MARDELL,1518.00
MARG,1518.00
MARGENE,1518.00
MARGERT,1518.00
MARGHERITA,1518.00
MARGRETT,1518.00
MARGY,1518.00
MARHTA,1518.00
MARIANELA,1518.00
MARICA,1518.00
MARICRUZ,1518.00
MARIELLA,1518.00
MARIELLE,1518.00
MARIETTE,1518.00
MARIKO,1518.00
MARIN,1518.00
MARINDA,1518.00
MARINE,1518.00
MARIS,1518.00
MARISHA,1518.00
MARIVEL,1518.00
MARKETTA,1518.00
MARLIN,1518.00
MARLINE,1518.00
MARQUITTA,1518.00
MARSHALL,1518.00
MARTH,1518.00
MARVELLA,1518.00
MARVIS,1518.00
MARX,1518.00
MARYANNA,1518.00
MARYBELLE,1518.00
MARYETTA,1518.00
MARYLAND,1518.00
MARYLN,1518.00
MARYLOUISE,1518.00
MARYLYNN,1518.00
MARYROSE,1518.00
MATHA,1518.00
MAURITA,1518.00
MAXIMA,1518.00
MAXIMINA,1518.00
MAYOLA,1518.00
MEDA,1518.00
MELANI,1518.00
MELANIA,1518.00
MELDA,1518.00
MELIA,1518.00
MELIDA,1518.00
MELITA,1518.00
MELODEE,1518.00
MELODI,1518.00
MELVIN,1518.00
MENDY,1518.00
MERCEDEZ,1518.00
MERIDETH,1518.00
MERISSA,1518.00
MERLYN,1518.00
MERRIE,1518.00
MERRILEE,1518.00
MERRILL,1518.00
MERTIE,1518.00
MICA,1518.00
MICHA,1518.00
MICHAELE,1518.00
MICHELINA,1518.00
MIESHA,1518.00
MIGNON,1518.00
MIKAELA,1518.00
MIKE,1518.00
MIKI,1518.00
MILDA,1518.00
MILLY,1518.00
MINDA,1518.00
MING,1518.00
MINTA,1518.00
MIRELLA,1518.00
MISHA,1518.00
MISS,1518.00
MISTIE,1518.00
MITCHELL,1518.00
MITSUE,1518.00
MITSUKO,1518.00
MITZIE,1518.00
MIYOKO,1518.00
MONET,1518.00
MONNIE,1518.00
MOON,1518.00
MORA,1518.00
MORIAH,1518.00
MUOI,1518.00
MYESHA,1518.00
MYRL,1518.00
MYRTA,1518.00
NA,1518.00
NADENE,1518.00
NAIDA,1518.00
NAKESHA,1518.00
NAM,1518.00
NANCEE,1518.00
NANCEY,1518.00
NATACHA,1518.00
NATALYA,1518.00
NATASHIA,1518.00
NATISHA,1518.00
NECOLE,1518.00
NEDA,1518.00
NEELY,1518.00
NEIDA,1518.00
NENITA,1518.00
NEOMI,1518.00
NERY,1518.00
NEVADA,1518.00
NGAN,1518.00
NGUYET,1518.00
NICHOLLE,1518.00
NIDA,1518.00
NIESHA,1518.00
NISHA,1518.00
NOBUKO,1518.00
NOHEMI,1518.00
NORIKO,1518.00
NU,1518.00
NUBIA,1518.00
ODA,1518.00
ODELIA,1518.00
OLENE,1518.00
OLEVIA,1518.00
OLIMPIA,1518.00
OLINDA,1518.00
ONIE,1518.00
ONITA,1518.00
ORALEE,1518.00
ORETHA,1518.00
OSCAR,1518.00
OTELIA,1518.00
OTHA,1518.00
OZELL,1518.00
OZIE,1518.00
PA,1518.00
PALMIRA,1518.00
PAMILA,1518.00
PAMULA,1518.00
PARTHENIA,1518.00
PASTY,1518.00
PATRIA,1518.00
PAULENE,1518.00
PAULITA,1518.00
PAZ,1518.00
PEARLY,1518.00
PEG,1518.00
PEI,1518.00
PETER,1518.00
PETRONILA,1518.00
PHEBE,1518.00
PHUNG,1518.00
PHYLICIA,1518.00
PING,1518.00
POK,1518.00
PORSCHE,1518.00
PRISCILA,1518.00
PROVIDENCIA,1518.00
PURA,1518.00
QUINN,1518.00
QUYEN,1518.00
RACHAL,1518.00
RAELENE,1518.00
RAGUEL,1518.00
RAISA,1518.00
RANEE,1518.00
RAYMOND,1518.00
RAYMONDE,1518.00
REA,1518.00
REAGAN,1518.00
REANNA,1518.00
REBECKA,1518.00
REENA,1518.00
REFUGIA,1518.00
REGINE,1518.00
REGINIA,1518.00
REITA,1518.00
REMA,1518.00
REMONA,1518.00
RENAY,1518.00
RENDA,1518.00
RENNA,1518.00
RESSIE,1518.00
REYNALDA,1518.00
RHEBA,1518.00
RHONA,1518.00
RIA,1518.00
RICARDA,1518.00
RICKI,1518.00
RICKIE,1518.00
RIMA,1518.00
RIVA,1518.00
RIVKA,1518.00
ROBBI,1518.00
ROBBYN,1518.00
ROBENA,1518.00
ROBERTO,1518.00
ROCHEL,1518.00
ROLANDE,1518.00
RORY,1518.00
ROSAMARIA,1518.00
ROSELEE,1518.00
ROSELIA,1518.00
ROSELINE,1518.00
ROSELLE,1518.00
ROSENA,1518.00
ROSENDA,1518.00
ROSETTE,1518.00
ROSIO,1518.00
ROSSANA,1518.00
ROSSIE,1518.00
ROSY,1518.00
ROXY,1518.00
ROY,1518.00
ROYCE,1518.00
ROZANNE,1518.00
RUBI,1518.00
RUSSELL,1518.00
RUTHA,1518.00
RUTHANNE,1518.00
RUTHE,1518.00
RYANN,1518.00
SACHA,1518.00
SADYE,1518.00
SAGE,1518.00
SALLEY,1518.00
SAMELLA,1518.00
SAMMY,1518.00
SAMUEL,1518.00
SANA,1518.00
SANDA,1518.00
SANDEE,1518.00
SANDIE,1518.00
SARAI,1518.00
SARAN,1518.00
SATURNINA,1518.00
SAU,1518.00
SCOTTIE,1518.00
SEASON,1518.00
SEE,1518.00
SEEMA,1518.00
SENA,1518.00
SENAIDA,1518.00
SEPTEMBER,1518.00
SERAFINA,1518.00
SERITA,1518.00
SETSUKO,1518.00
SHAE,1518.00
SHAKIA,1518.00
SHAKITA,1518.00
SHALA,1518.00
SHALANDA,1518.00
SHALON,1518.00
SHAN,1518.00
SHANAE,1518.00
SHANDI,1518.00
SHANEL,1518.00
SHANIQUA,1518.00
SHANTAE,1518.00
SHANTAY,1518.00
SHANTELLE,1518.00
SHANTI,1518.00
SHAQUANA,1518.00
SHAQUITA,1518.00
SHARAN,1518.00
SHARDA,1518.00
SHARELL,1518.00
SHARICE,1518.00
SHARIE,1518.00
SHARIKA,1518.00
SHARILYN,1518.00
SHARMAINE,1518.00
SHAROLYN,1518.00
SHARRI,1518.00
SHAUNDA,1518.00
SHAUNTA,1518.00
SHAUNTE,1518.00
SHAVONDA,1518.00
SHAWANNA,1518.00
SHAWNTA,1518.00
SHAYNE,1518.00
SHEBA,1518.00
SHELLA,1518.00
SHEMEKA,1518.00
SHENIKA,1518.00
SHENNA,1518.00
SHERA,1518.00
SHERELL,1518.00
SHERICE,1518.00
SHERIDAN,1518.00
SHERIKA,1518.00
SHERILL,1518.00
SHERISE,1518.00
SHERLENE,1518.00
SHERRIL,1518.00
SHERYLL,1518.00
SHILA,1518.00
SHILOH,1518.00
SHIN,1518.00
SHIRELY,1518.00
SHIRL,1518.00
SHIZUE,1518.00
SHIZUKO,1518.00
SHONDRA,1518.00
SHONTA,1518.00
SHYLA,1518.00
SIMA,1518.00
SIMONNE,1518.00
SINA,1518.00
SIRENA,1518.00
SIU,1518.00
SIXTA,1518.00
SOILA,1518.00
SOL,1518.00
SOMER,1518.00
SONA,1518.00
SPARKLE,1518.00
STACEE,1518.00
STASIA,1518.00
STEFANY,1518.00
STEPANIE,1518.00
STEPHANIA,1518.00
STEPHNIE,1518.00
SUANNE,1518.00
SULEMA,1518.00
SUMIKO,1518.00
SUNDAY,1518.00
SUNNI,1518.00
SUSY,1518.00
SUZI,1518.00
SVETLANA,1518.00
SYLVIE,1518.00
TA,1518.00
TAI,1518.00
TAINA,1518.00
TAISHA,1518.00
TAJUANA,1518.00
TAKAKO,1518.00
TAMA,1518.00
TAMBRA,1518.00
TAMISHA,1518.00
TAMMERA,1518.00
TANDRA,1518.00
TANDY,1518.00
TANEKA,1518.00
TAREN,1518.00
TARI,1518.00
TARRA,1518.00
TASHINA,1518.00
TASIA,1518.00
TATUM,1518.00
TATYANA,1518.00
TAUNYA,1518.00
TAWNA,1518.00
TAYNA,1518.00
TEGAN,1518.00
TEISHA,1518.00
TELMA,1518.00
TEMIKA,1518.00
TEMPIE,1518.00
TEMPLE,1518.00
TENESHA,1518.00
TEOFILA,1518.00
TERESIA,1518.00
TERICA,1518.00
TERINA,1518.00
TERISA,1518.00
TERRELL,1518.00
TERRILYN,1518.00
THERESSA,1518.00
THI,1518.00
THOMASENA,1518.00
THORA,1518.00
TIEN,1518.00
TIERA,1518.00
TIFANY,1518.00
TIFFANEY,1518.00
TIJUANA,1518.00
TILDA,1518.00
TIMIKA,1518.00
TIMOTHY,1518.00
TINISHA,1518.00
TISA,1518.00
TISH,1518.00
TOBI,1518.00
TOBIE,1518.00
TOCCARA,1518.00
TOI,1518.00
TOMI,1518.00
TOMIKO,1518.00
TOMMYE,1518.00
TONA,1518.00
TONETTE,1518.00
TONISHA,1518.00
TONITA,1518.00
TORA,1518.00
TORIE,1518.00
TORRI,1518.00
TORRIE,1518.00
TORY,1518.00
TOSHIA,1518.00
TOVA,1518.00
TRAN,1518.00
TRAVIS,1518.00
TREASA,1518.00
TREENA,1518.00
TRINH,1518.00
TROY,1518.00
TU,1518.00
TULA,1518.00
TWANDA,1518.00
TWANNA,1518.00
TYISHA,1518.00
TYNISHA,1518.00
ULA,1518.00
ULRIKE,1518.00
UN,1518.00
UTE,1518.00
VALENE,1518.00
VALENTINE,1518.00
VALERI,1518.00
VALRIE,1518.00
VANETTA,1518.00
VANIA,1518.00
VANNA,1518.00
VANNESA,1518.00
VASHTI,1518.00
VASILIKI,1518.00
VENETTA,1518.00
VENNIE,1518.00
VERLINE,1518.00
VERNIA,1518.00
VERNON,1518.00
VERONIKA,1518.00
VERONIQUE,1518.00
VERTIE,1518.00
VI,1518.00
VICTOR,1518.00
VICTORINA,1518.00
VIKI,1518.00
VINITA,1518.00
VIRGEN,1518.00
VIRGIL,1518.00
VONCILE,1518.00
WAN,1518.00
WANETA,1518.00
WANETTA,1518.00
WAVA,1518.00
WEN,1518.00
WENDIE,1518.00
WENDOLYN,1518.00
WENONA,1518.00
WESLEY,1518.00
WHITLEY,1518.00
WILHEMINA,1518.00
WILLENA,1518.00
WILLETTA,1518.00
WILLIEMAE,1518.00
WILLODEAN,1518.00
WILLOW,1518.00
WINTER,1518.00
WYNELL,1518.00
XENIA,1518.00
XIAO,1518.00
XOCHITL,1518.00
XUAN,1518.00
YAEKO,1518.00
YAEL,1518.00
YAHAIRA,1518.00
YAJAIRA,1518.00
YASMINE,1518.00
YASUKO,1518.00
YELENA,1518.00
YER,1518.00
YESSENIA,1518.00
YEVETTE,1518.00
YON,1518.00
YOSHIE,1518.00
YOULANDA,1518.00
YUETTE,1518.00
YUK,1518.00
YUKI,1518.00
YULANDA,1518.00
YUNG,1518.00
YUONNE,1518.00
YURI,1518.00
YURIKO,1518.00
YVONE,1518.00
ZADA,1518.00
ZANA,1518.00
ZENIA,1518.00
ZETTA,1518.00
ZONIA,1518.00
