Team,,,,,,,,,,,,,,,,,,,,,,
Arsenal,Gunners,1995 EPL,Arsenal.jpg,FourFourTwo,1,,,,,,,,,,,,,,,,,
First Name,Last Name,Captain,Position,Number,Shot,Assist,Number of Triangles,Number of Squares,Number of Circles,Pace,Touch,Strong,Hard,Tactics,Star,Head,Kick,Card,Injury,On Target,Reaction,Special Save
Lee,Dixon,,DF,2,1,1,,2,,1,1,1,1,,,,-1,,5,,,
Paul,Merson,,F,8,2,4,1,,2,1,1,,,1,1,-1,,,5,,,
Nigel,Winterburn,,DF,3,1,2,,1,1,1,,1,1,,,-1,,,4,,,
Martin,Keown,,DF,14,-2,-2,,2,,,,1,1,1,,,-1,,4,,,
Dennis,Bergkamp,,MF,10,4,3,1,,2,1,1,1,,1,1,,1,,4,,,
Ian,Wright,,F,8,5,1,2,,,1,1,,1,,1,,,,4,,,
David,Platt,,MF,7,3,3,1,1,1,,1,1,,1,1,,1,,4,,,
Tony,Adams,,DF,6,1,-1,,1,,,,1,1,1,,,-1,1,3,,,
Ray,Parlour,,MF,15,-2,1,,1,1,,,1,1,1,,-1,,,4,,,
Stephen,Bould,,DF,5,-2,-2,,1,,,1,1,,1,1,,-1,1,3,,,
Andrew,Linighan,,DF,12,-2,,,,,1,,,1,1,,-1,-1,,3,,,
Glenn,Helder,,MF,11,1,2,,,,1,1,,,1,1,-1,,,3,,,
John,Harston,,F,16,3,1,,,,,1,1,1,,,,,,3,,,
Faxe,Jensen,,MF,19,-2,1,,,,1,1,,,1,,-1,-1,,3,,,
Scott,Marshall,,DF,25,1,,,,,,,1,,1,,,-1,,3,,,
Adrian,Clarke,,MF,29,-2,-1,,,,1,,,,1,,-1,,,2,,,
David,Hillier,,MF,17,-2,-1,,,,,,,1,1,,-1,,,2,,,
Steve,Morrow,,DF,18,-2,-1,,,,,1,,,1,,-1,-1,,2,,,
David,Seaman,x,GK,1,,,,,,,,,,,,,,,5,4,2,4
Lee,Harper,,GK,26,,,,,,,,,,,,,,,2,3,2,1
End,,,,,,,,,,,,,,,,,,,,,,
Team,,,,,,,,,,,,,,,,,,,,,,
Aston Villa FC,Lions,1995 EPL,AstonVilla.jpg,FourFourTwo,1,,,,,,,,,,,,,,,,,
First Name,Last Name,Captain,Position,Number,Shot,Assist,Number of Triangles,Number of Squares,Number of Circles,Pace,Touch,Strong,Hard,Tactics,Star,Head,Kick,Card,Injury,On Target,Reaction,Special Save
Alan,Wright,,DF,14,1,1,,1,,1,1,,,1,,-1,,,5,,,
Savo,Milosevic,,F,9,3,2,1,,,,1,1,,,1,,,,4,,,
Mark,Draper,,MF,8,1,2,1,,1,,1,1,1,,,,,,4,,,
Ugo,Ehiogu,,DF,16,,1,,1,1,1,1,1,,,1,,-1,,4,,,
Dwight,Yorke,x,F,18,4,3,2,,,1,1,1,,1,1,,,-1,4,,,
Gary,Charles,,DF,2,,1,,1,1,,,1,1,1,,-1,-1,,4,,,
Andy,Townsend,,MF,11,1,2,1,1,1,,,1,1,1,1,,,1,4,,,
Gareth,Southgate,,DF,4,,-2,,2,,1,1,,1,,,-1,-1,,4,,,
Paul,McGrath,,DF,5,1,-1,,1,1,,1,1,1,,1,,-1,,4,,,
Ian,Taylor,,MF,7,2,3,1,,1,,1,1,,1,1,,,,4,,,
Tommy,Johnson,,MF,10,3,1,,,1,1,1,,,,1,,,,3,,,
Steve,Staunton,,DF,3,-2,,,1,,,1,1,1,,,-1,,,3,,,
Riccardo,Scimeca,,DF,20,-2,-2,,,,1,,1,,1,,,-1,,3,,,
Julian,Joachim,,F,26,2,1,,,,1,,,,1,,-1,,,3,,,
Gareth,Farrely,,MF,19,-2,-2,,,,1,,1,,,,-1,-1,,2,,,
Graham,Fenton,,MF,15,-2,1,,,,,1,,,,1,-1,-1,,2,,,
Lee,Hendrie,,MF,25,-2,,,,,,,1,1,,1,-1,-1,1,2,,,
Scott,Murray,,MF,24,-1,-1,,,,1,1,,,,,-1,,,2,,,
Mark,Bosnich,,GK,1,,,,,,,,,,,,,,,5,4,2,3
Nigel,Spink,,GK,13,,,,,,,,,,,,,,,2,2,3,2
End,,,,,,,,,,,,,,,,,,,,,,
Team,,,,,,,,,,,,,,,,,,,,,,
Blackburn,Rovers,1995 EPL,Blackburn.jpg,FourFourTwo,1,,,,,,,,,,,,,,,,,
First Name,Last Name,Captain,Position,Number,Shot,Assist,Number of Triangles,Number of Squares,Number of Circles,Pace,Touch,Strong,Hard,Tactics,Star,Head,Kick,Card,Injury,On Target,Reaction,Special Save
Henning,Berg,,DF,20,-2,-1,,2,,,,1,1,1,1,,,1,5,,,
Alan,Shearer,x,F,9,5,2,3,,,1,1,1,,1,1,1,1,,4,,,
Colin,Hendry,,DF,5,,1,,2,,,,1,1,1,1,,-1,,4,,,
Tim,Sherwood,,MF,4,1,2,1,,2,,1,,1,1,,,,,4,,,
Jeff,Kenna,,DF,3,-2,1,,1,1,,,1,,1,,-1,,,4,,,
Stuart,Ripley,,MF,7,-2,3,1,,1,1,1,,,,1,,,,4,,,
Mike,Newell,,F,10,1,2,1,,,,1,1,,,1,,,,4,,,
David,Batty,,MF,23,,,,1,1,,,1,1,1,,-1,,,4,,,
Chris,Coleman,,DF,2,-2,1,,1,,,1,1,,1,,,-1,,3,,,
Lars,Bohinen,,MF,22,2,2,1,,1,1,,,,1,1,,,,4,,,
Kevin,Gallacher,,MF,8,2,2,,,1,1,1,,,,1,,,,3,,,
Billy,McKinlay,,MF,17,2,,,,,1,,1,1,1,,,,,3,,,
Graeme,Le Saux,,DF,6,1,-2,,,,1,1,,,1,,-1,,,3,,,
Ian,Pearce,,DF,25,1,-2,,,,,,1,1,1,,-1,,,3,,,
Jason,Wilcox,,MF,11,3,,,,,1,1,,,,,-1,,,3,,,
Chris,Sutton,,F,16,-1,,,,,,1,1,,1,1,,,,3,,,
Matt,Holmes,,MF,15,2,,,,,1,1,,,1,,-1,,,3,,,
Graham,Fenton,,MF,14,4,2,,,,1,,,,,1,-1,,,2,,,
Tim,Flowers,,GK,1,,,,,,,,,,,,,,,5,3,4,3
Bobby,Mimms,,GK,13,,,,,,,,,,,,,,,2,4,1,1
End,,,,,,,,,,,,,,,,,,,3,,,
Team,,,,,,,,,,,,,,,,,,,,,,
Bolton,Wanderers,1995 EPL,Bolton.jpg,FourFourTwo,1,,,,,,,,,,,,,,,,,
First Name,Last Name,Captain,Position,Number,Shot,Assist,Number of Triangles,Number of Squares,Number of Circles,Pace,Touch,Strong,Hard,Tactics,Star,Head,Kick,Card,Injury,On Target,Reaction,Special Save
Jimmy,Phillips,3,DF,,-2,-2,,1,,,,1,,,,-1,-1,,4,,,
Guoni,Bergsson,5,DF,,2,1,,1,,,,,1,,1,,,1,4,,,
Chris,Fairclough,21,DF,,-2,-2,,1,,,1,,,1,,-1,-1,,4,,,
John,McGinlay,10,F,,3,3,1,,,,1,1,,,,,,,4,,,
Sasaki,Curcic,4,MF,,2,3,1,,1,,1,,,,1,,,,4,,,
Scott,Green,2,MF,,2,1,,,1,1,,,,,,-1,,,4,,,
Alan,Stubbs,6,DF,,2,-2,,1,,,1,1,,,,,-1,,4,,,
Alan,Thompson,11,MF,,1,2,1,,,,1,,,1,,,,,4,,,
Scott,Sellars,12,MF,,2,2,,1,1,,1,,,,,-1,,,3,,,
Fabian,De Freitas,14,F,,3,2,1,,,,,1,,,,,,,3,,,
Nathan,Blake,20,F,,1,1,,,1,,,,,,1,,,,3,,,
Richard,Sneekes,8,MF,,1,1,,,,1,,,,,1,-1,,1,3,,,
Mark,Patterson,15,MF,,-2,1,,,,,,,,1,,-1,,1,3,,,
Mixu,Paatelainen,9,F,,1,-2,,,,,,1,,,,,,,3,,,
Simon,Coleman,17,DF,,1,-2,,,,,,,,1,,,-1,,3,,,
Gerry,Taggart,22,DF,,2,-2,,,,,,1,,,,,-1,,3,,,
David,Lee,7,MF,,1,-2,,,,,,,,1,,-1,,,3,,,
Andy,Todd,23,DF,,3,-2,,,,,,,1,,,-1,,,3,,,
Keith,Branagan,1,GK,,,,,,,,,,,,,,,,4,2,1,4
Gavin,Ward,16,GK,,,,,,,,,,,,,,,,2,2,4,1
End,,,,,,,,,,,,,,,,,,,,,,
Team,,,,,,,,,,,,,,,,,,,,,,
Chelsea,Blues,1995 EPL,Chelsea.jpg,FourFourTwo,1,,,,,,,,,,,,,,,,,
First Name,Last Name,Captain,Position,Number,Shot,Assist,Number of Triangles,Number of Squares,Number of Circles,Pace,Touch,Strong,Hard,Tactics,Star,Head,Kick,Card,Injury,On Target,Reaction,Special Save
Dennis,Wise,11,MF,,3,1,,1,1,,,1,1,,1,-1,,,4,,,
Ruud,Gullit,4,MF,,2,4,1,,2,,1,1,,1,1,,,,4,,,
Mark,Hughes,8,F,,3,2,1,,1,,,1,1,1,,1,,1,4,,,
David,Lee,20,DF,,,-2,,2,,,1,1,,1,,,-1,,4,,,
John,Spencer,7,F,,5,1,2,,,1,,,1,,1,,,,4,,,
Dan,Petrescu,24,MF,,2,2,,1,1,,1,1,,,1,,,,4,,,
Michael,Duberry,26,DF,,-2,-2,,1,,1,1,1,,,,-1,,,4,,,
Eddie,Newton,18,MF,,1,1,,1,1,1,,,,1,,,,,4,,,
Steve,Clarke,2,DF,,-2,1,,1,,,1,1,,1,,,-1,,3,,,
Andrew,Myers,15,DF,,-2,-2,,,,1,1,1,,,,,-1,,3,,,
Erland,Johnsen,5,DF,,-2,-2,,,,,1,,1,1,,,-1,,3,,,
Gavin,Peacock,10,MF,,3,2,1,,,1,1,,,1,,-1,,,3,,,
Craig,Burley,12,MF,,-2,2,,,,,1,,,1,,,,,3,,,
Paul,Furlong,14,F,,2,2,,,,,1,,,,1,,,,3,,,
Nigel,Spackman,17,MF,,-2,1,,,,,,1,1,1,,-1,,1,3,,,
Frank,Sinclair,6,DF,,1,-2,,,,1,1,,,,,,,1,3,,,
Terry,Phelan,25,DF,,-2,-2,,,,,,,,1,1,-1,,,3,,,
Scott,Minto,3,DF,,-2,-2,,,,1,,1,,,,,-1,,3,,,
Dmitri,Kharin,1,GK,,,,,,,,,,,,,,,,3,4,1,2
Kevin,Hitchcock,13,GK,,,,,,,,,,,,,,,,3,3,3,2
End,,,,,,,,,,,,,,,,,,,,,,
Team,,,,,,,,,,,,,,,,,,,,,,
Coventry City,Blues,1995 EPL,CoventryCity.jpg,FourFourTwo,1,,,,,,,,,,,,,,,,,
First Name,Last Name,Captain,Position,Number,Shot,Assist,Number of Triangles,Number of Squares,Number of Circles,Pace,Touch,Strong,Hard,Tactics,Star,Head,Kick,Card,Injury,On Target,Reaction,Special Save
John,Salako,,MF,11,2,4,1,,1,1,1,,,,1,,,,4,,,
Dion,Dublin,,F,10,4,2,2,,,,,1,,,1,,,,4,,,
Kevin,Richardson,,MF,6,-2,2,,1,1,,,,1,1,,-1,,1,4,,,
Paul,Telfer,,MF,7,,3,,,1,,1,1,,1,,,,,4,,,
Paul,Williams,,DF,4,1,-1,,1,,,,1,1,1,,,-1,1,4,,,
Peter,Ndlovu,,F,9,3,3,1,,1,1,1,,,,1,,,,4,,,
Albert,Pickering,,DF,17,-2,-2,,1,,,1,,,1,,-1,,,4,,,
Marcos,Hall,,DF,18,-2,-2,,1,,1,,1,,,,,-1,,4,,,
Richard,Shaw,,DF,24,-2,-2,,1,,1,,,,1,,-1,-1,1,3,,,
Noel,Whelan,,F,14,4,2,1,,,,,,,1,1,,,,3,,,
Brian,Borrows,,DF,2,-2,-2,,,,,1,,,1,1,-1,,,3,,,
Dave,Busst,,DF,12,2,-2,,,,,,1,,1,,,-1,,3,,,
David,Burrows,,DF,3,-2,-2,,,,1,1,,,,,-1,,,3,,,
Liam,Daish,,DF,30,2,-2,,,,,,1,,,,-1,,,3,,,
Eoin,Jess,,MF,16,2,,,,,,1,,,,1,-1,,,3,,,
Isaias,Soares,,F,8,3,1,,,,,,1,1,,,,,,3,,,
David,Rennie,,MF,5,3,-2,,,,,1,,,1,,,-1,,3,,,
Gordon,Strachan,x,MF,26,-2,-2,,,,,1,,,,1,-1,,,3,,,
Nii,Lamptey,,MF,27,-2,-2,,,,,,,,,1,-1,,,2,,,
Steve,Ogrizovic,,GK,1,,,,,,,,,,,,,,,3,3,1,3
John,Filan,,GK,13,,,,,,,,,,,,,,,3,2,4,2
End,,,,,,,,,,,,,,,,,,,,,,
Team,,,,,,,,,,,,,,,,,,,,,,
Everton,Blues,1995 EPL,Everton.jpg,FourFourTwo,1,,,,,,,,,,,,,,,,,
First Name,Last Name,Captain,Position,Number,Shot,Assist,Number of Triangles,Number of Squares,Number of Circles,Pace,Touch,Strong,Hard,Tactics,Star,Head,Kick,Card,Injury,On Target,Reaction,Special Save
Dave,Watson,x,DF,5,,-1,,2,,,1,1,1,1,,,-1,1,4,,,
Andrei,Kanchelskis,,F,17,4,4,2,,2,1,1,1,,1,1,-1,1,,4,,,
David,Unsworth,,DF,4,1,1,,1,,1,1,1,,1,,,,1,4,,,
Joseph,Parkinson,,DF,18,1,-2,,1,1,,1,1,,1,,,,,4,,,
Graham,Stuart,,MF,7,3,2,2,,,1,,1,,1,,,,,4,,,
Barry,Horne,,MF,10,,-2,,1,1,,1,1,1,,,,-1,1,4,,,
John,Ebbrell,,MF,14,2,-1,1,,1,,,1,1,1,,-1,,,4,,,
Andy,Hinchcliffe,,DF,3,1,2,,1,1,,1,,,1,1,-1,,,4,,,
Craig,Short,,DF,21,1,-2,,1,,,,1,1,1,1,,-1,,3,,,
Anders,Limpar,,MF,11,2,3,1,,1,1,1,,,,1,-1,,,4,,,
Paul,Rideout,,F,8,2,2,1,,,1,1,,,1,1,-1,,,3,,,
David,Amokachi,,F,12,3,2,,,,1,1,1,,,1,,,,3,,,
Duncan,Ferguson,,F,9,3,2,,,,,,1,1,1,1,1,-1,,3,,,
Matt,Jackson,,DF,15,-2,1,,,,1,1,,,1,,,,,3,,,
Gary,Ablett,,DF,6,-2,-2,,,,,1,1,,,1,-1,-1,,3,,,
Tony,Grant,,MF,20,1,1,,,,,1,,,1,1,-1,,,3,,,
Marc,Hottiger,,DF,19,1,-1,,,,1,1,,,,,-1,-1,,3,,,
Earl,Barrett,,DF,2,-2,-2,,,,,1,,,1,,,-1,,3,,,
Neville,Southall,,GK,1,,,,,,,,,,,,,,,5,4,4,1
Jason,Kearton,,GK,13,,,,,,,,,,,,,,,2,2,2,2
End,,,,,,,,,,,,,,,,,,,,,,
Team,,,,,,,,,,,,,,,,,,,,,,
Leeds United,Whites,1995 EPL,Leeds.jpg,FourFourTwo,1,,,,,,,,,,,,,,,,,
First Name,Last Name,Captain,Position,Number,Shot,Assist,Number of Triangles,Number of Squares,Number of Circles,Pace,Touch,Strong,Hard,Tactics,Star,Head,Kick,Card,Injury,On Target,Reaction,Special Save
Gary,McAllister,,MF,1-,2,4,1,,2,,1,,,1,1,-1,,,4,,,
Carlton,Palmer,,MF,4,1,,,1,,,,1,1,1,,,-1,,4,,,
Gary,Kelly,,DF,2,-2,2,,1,1,1,,,1,,1,-1,,1,4,,,
David,Wetherall,,DF,6,2,-2,,2,,,,,1,1,,,-1,,4,,,
Brian,Deane,,F,9,3,2,1,,,,1,1,,,,,,,4,,,
Gary,Speed,,MF,11,2,3,1,1,,,1,,,1,1,,,,4,,,
Tony,Yeboah,,F,21,5,1,1,,,,1,1,,,1,,,,4,,,
Tomas,Brolin,,MF,18,3,2,,,1,,1,,,1,,,,,3,,,
Tony,Dorigo,,DF,3,1,1,,,1,1,,1,,,,,-1,,4,,,
John,Pemberton,,DF,12,-2,-2,,1,,,,1,1,,,,-1,1,3,,,
Rodney,Wallace,,F,8,1,2,,,,1,,1,,,,-1,,,3,,,
Nigel,Worthington,,DF,15,-2,1,,,,,1,,,1,,-1,,,3,,,
Richard,Jobson,,DF,16,2,-2,,,,,1,,,1,,-1,,,3,,,
Lucas,Radebe,,DF,5,-2,-2,,,,1,,,,,1,,,,3,,,
Andrew,Couzens,,MF,23,-2,-1,,,,1,1,,,,,-1,,,3,,,
Paul,Beesley,,DF,26,-2,-2,,,,1,,1,,,,,-1,,3,,,
Andy,Gray,,F,27,-2,,,,,,1,,,,1,,,,3,,,
Mark,Ford,,MF,22,-2,-2,,,,,,1,1,,,-1,,,3,,,
John,Lukic,,GK,1,,,,,,,,,,,,,,,3,3,4,1
Mark,Beeney,,GK,13,,,,,,,,,,,,,,,3,2,4,3
End,,,,,,,,,,,,,,,,,,,,,,
Team,,,,,,,,,,,,,,,,,,,,,,
Liverpool,Reds,1995 EPL,Liverpool.jpg,FourFourTwo,1,,,,,,,,,,,,,,,,,
First Name,Last Name,Captain,Position,Number,Shot,Assist,Number of Triangles,Number of Squares,Number of Circles,Pace,Touch,Strong,Hard,Tactics,Star,Head,Kick,Card,Injury,On Target,Reaction,Special Save
Steve,McManaman,,MF,17,2,3,2,,1,1,1,1,,1,1,,1,,5,,,
Robbie,Fowler,,F,23,5,2,2,,,1,,1,1,1,1,,,,4,,,
John,Barnes,,MF,10,1,3,1,,2,1,1,,,1,1,-1,1,-1,4,,,
Robert,Jones,,DF,2,-3,1,,1,1,1,,1,1,1,,,,,4,,,
Stan,Collymore,,F,8,4,1,1,,1,1,1,1,,,1,,,,4,,,
Phil,Babb,,DF,6,-2,-2,,1,1,,1,,1,1,,-1,-1,,4,,,
Mark,Wright,,DF,5,1,1,,2,,,1,1,1,1,,,-1,,4,,,
Jason,McAteer,,DF,4,-2,2,1,1,1,,,1,1,1,1,-1,-1,,4,,,
John,Scales,,DF,12,-2,-2,,2,,1,,1,1,,,,-1,,4,,,
Steve,Harkness,,DF,22,,1,,1,,1,,1,1,1,,-1,-1,,3,,,
Jamie,Redknapp,,MF,15,2,2,1,,1,,1,,,1,1,,,,4,,,
Michael,Thomas,,MF,16,,1,,,1,1,1,1,,,1,,,,3,,,
Neil,Ruddock,,DF,25,3,1,,1,,,1,1,1,,1,1,-1,,3,,,
Ian,Rush,,F,9,3,1,,,,1,,,,1,1,,,,3,,,
Dominic,Matteo,,DF,21,-2,-2,,,,,,1,1,,,,-1,,2,,,
Stig Inge,Bjornebye,,DF,20,-2,-2,,,,,,1,,1,,,-1,,2,,,
Mark,Kennedy,,MF,19,-2,-1,,,,1,,,,1,,-1,-1,,2,,,
Nigel,Clough,,MF,7,-2,-1,,,,,1,,,1,,-1,-1,,2,,,
David,James,,GK,1,,,,,,,,,,,,,,,5,3,5,4
Steve,Pears,,GK,27,,,,,,,,,,,,,,,2,2,3,2
End,,,,,,,,,,,,,,,,,,,,,,
Team,,,,,,,,,,,,,,,,,,,,,,
Manchester City,Citizens,1995 EPL,ManchesterCity.jpg,FourFourTwo,1,,,,,,,,,,,,,,,,,
First Name,Last Name,Captain,Position,Number,Shot,Assist,Number of Triangles,Number of Squares,Number of Circles,Pace,Touch,Strong,Hard,Tactics,Star,Head,Kick,Card,Injury,On Target,Reaction,Special Save
Kit,Symons,,DF,14,1,,,1,,,,1,,1,,,-1,,5,,,
Georgi,Kinkladze,,MF,7,2,4,1,,1,1,1,,,,1,-1,,,4,,,
Nicky,Summerbee,,DF,16,,2,,,1,1,,,1,1,,-1,,1,4,,,
Uwe,Rosler,,F,28,4,3,1,,,,,1,,,1,,,,4,,,
Steve,Lomas,,MF,4,2,1,,,1,,,1,1,,,,,1,4,,,
Niall,Quinn,,F,9,4,4,1,,,,,1,,1,1,,,,4,,,
Keith,Curle,,DF,5,-2,-2,,1,,,,1,,1,,-1,-1,,4,,,
Ian,Brightwell,,DF,12,-2,-2,,1,1,,1,,,1,,-1,-1,1,4,,,
Garry,Flitcroft,,MF,10,-2,1,,1,,,,1,,,1,,,,3,,,
Michael,Brown,,MF,17,-2,-2,,1,,,,,1,1,,,,1,3,,,
Nigel,Clough,,MF,18,2,2,,,,,1,,,,1,-1,,,3,,,
Richard,Edghill,,DF,2,-2,-2,,,,1,1,,1,,,-1,,,3,,,
Michael,Frontzeck,,DF,3,-2,-2,,,,,,,1,1,,,-1,1,3,,,
Gerry,Creaney,,F,8,3,1,,,,1,,,,1,,,,,3,,,
Terry,Phelan,,DF,33,-2,-2,,,,1,,,,,1,-1,,,3,,,
Martin,Phillips,,MF,19,-2,-2,,,,1,,,,,,-1,,,2,,,
Scott,Hiley,,DF,24,-2,-2,,,,,,,,1,,-1,-1,,2,,,
Alex,Kernaghan,,DF,15,-2,-2,,,,,,1,,,,,,,2,,,
Eike,Immel,,GK,21,,,,,,,,,,,,,,,5,2,3,4
Andy,Dibble,,GK,25,,,,,,,,,,,,,,,2,3,1,1
End,,,,,,,,,,,,,,,,,,,,,,
Team,,,,,,,,,,,,,,,,,,,,,,
Manchester United,Red Devils,1995 EPL,ManchesterU.jpg,FourFourTwo,1,,,,,,,,,,,,,,,,,
First Name,Last Name,Captain,Position,Number,Shot,Assist,Number of Triangles,Number of Squares,Number of Circles,Pace,Touch,Strong,Hard,Tactics,Star,Head,Kick,Card,Injury,On Target,Reaction,Special Save
Andy,Cole,,F,17,3,1,2,,,1,1,1,,,1,,,,4,,,
Nicky,Butt,,DF,19,,1,,1,1,,1,1,1,1,,,,1,4,,,
Denis,Irwin,,DF,3,-1,1,,1,1,1,1,1,1,1,,-1,,,4,,,
Ryan,Giggs,,MF,11,3,3,2,,1,1,1,,,1,1,,1,,4,,,
Gary,Neville,,DF,20,-2,-1,,1,1,1,,1,1,1,,,-1,,4,,,
Steve,Bruce,x,DF,4,-1,-2,,1,,,,1,1,1,1,,-1,,4,,,
Eric,Cantona,,F,7,4,4,2,,2,1,1,1,1,1,1,,1,,4,,,
Roy,Keane,,MF,16,2,2,,2,1,1,,1,1,1,1,,,1,4,,,
David,Beckham,,MF,24,2,4,1,,1,1,1,,1,1,1,,2,,4,,,
Lee,Sharpe,,MF,5,2,2,1,,1,1,1,,,1,1,,,,4,,,
Gary,Pallister,,DF,6,,-2,,1,,1,,1,1,1,,,-1,,3,,,
Phil,Neville,,DF,23,-2,-1,,1,,1,1,1,,,,-1,,,3,,,
Paul,Scholes,,MF,22,3,2,1,,,,1,,1,1,1,,,,3,,,
Brian,McClair,,F,9,2,,,,,1,1,,,,1,,,,3,,,
David,May,,DF,12,1,-2,,,,,1,1,,1,,-1,-1,,3,,,
Paul,Parker,,MF,2,-2,-2,,,,1,,,,1,,-1,-1,,2,,,
Simon,Davies,,DF,18,-2,-2,,,,,1,,,1,1,-1,-1,,2,,,
William,Prunier,,DF,31,-2,-2,,,,,1,,,1,,-1,-1,,2,,,
Peter,Schmeichel,,GK,1,,,,,,,,,,,,,,,4,5,5,3
Kevin,Pilkington,,GK,25,,,,,,,,,,,,,,,3,3,3,2
End,,,,,,,,,,,,,,,,,,,,,,
Team,,,,,,,,,,,,,,,,,,,,,,
Middlesbrough,Boro,1995 EPL,Middlesbrough.jpg,FourFourTwo,1,,,,,,,,,,,,,,,,,
First Name,Last Name,Captain,Position,Number,Shot,Assist,Number of Triangles,Number of Squares,Number of Circles,Pace,Touch,Strong,Hard,Tactics,Star,Head,Kick,Card,Injury,On Target,Reaction,Special Save
Nigel,Pearson,,DF,,-2,1,,1,,,,1,,1,,-1,,,4,,,
Neil,Cox,,DF,,1,-2,,1,,,1,1,,,,,,,4,,,
Nicky,Barmby,,MF,,3,3,1,,2,1,1,,,,1,-1,,,4,,,
Steve,Vickers,,DF,,1,2,,2,,,,,1,1,,,-1,,4,,,
Jamie,Pollock,,MF,,1,-2,,1,1,1,1,1,,,,,,,4,,,
Jan Age,Fjortoft,,F,,3,3,1,,,,,1,,1,1,,,,4,,,
Derek,Whyte,,DF,,-2,1,,,1,,1,,,1,,,-1,1,4,,,
Chris,Morris,,DF,,2,1,,,,1,,1,,1,,,,,3,,,
Osvaldo,J nior,,F,,2,4,1,,1,1,1,,,,1,-1,,,4,,,
Robbie,Mustoe,,MF,,1,1,,1,,,,1,1,,,,,,3,,,
Craig,Hignett,,F,,4,3,1,,,,1,,,1,1,-1,,,3,,,
Curtis,Fleming,,DF,,2,-2,,,,1,1,1,,,,,,,3,,,
Craig,Liddle,,DF,,-2,-2,,,,,,1,,1,,,-1,,3,,,
Phillip,Stamp,,MF,,3,-1,,,,1,,,1,1,,-1,,,3,,,
Phil,Whelan,,DF,,2,-2,,,,,,1,1,,,,,1,3,,,
John,Hendrie,,F,,2,2,,,,,,,,1,,,,,3,,,
Alan,Moore,,MF,,-2,2,,,,1,,,,,1,-1,,1,3,,,
Graham,Kavanagh,,MF,,2,-2,,,,,1,,,,,-1,,,2,,,
Gary,Walsh,,GK,,,,,,,,,,,,,,,,4,3,2,3
Alan,Miller,,GK,,,,,,,,,,,,,,,,2,2,4,3
End,,,,,,,,,,,,,,,,,,,,,,
Team,,,,,,,,,,,,,,,,,,,,,,
Newcastle United,Magpies,1995 EPL,Newcastle.jpg,FourFourTwo,1,,,,,,,,,,,,,,,,,
First Name,Last Name,Captain,Position,Number,Shot,Assist,Number of Triangles,Number of Squares,Number of Circles,Pace,Touch,Strong,Hard,Tactics,Star,Head,Kick,Card,Injury,On Target,Reaction,Special Save
Les,Ferdinand,9,F,,5,2,2,,1,1,1,1,1,,1,1,,,4,,,
Rob,Lee,7,MF,,2,2,,1,1,,,1,1,1,1,,,,4,,,
Peter,Beardsley,8,F,,2,3,1,,2,,1,,1,1,1,,1,,4,,,
David,Ginola,14,MF,,2,3,2,,1,1,1,,,1,1,-1,1,,4,,,
Darren,Peacock,4,DF,,-2,-2,,2,,,1,1,1,1,,,-1,,4,,,
John,Beresford,3,DF,,-2,,,1,1,1,1,,,1,1,,,1,4,,,
Warren,Barton,2,DF,,-2,1,,1,,1,1,1,,1,1,,,,4,,,
Stephen,Howey,6,DF,,,2,,1,,,1,1,1,1,,,-1,,4,,,
Keith,Gillespie,18,MF,,1,2,1,,1,1,1,,,1,1,-1,,,4,,,
Lee,Clark,10,MF,,1,2,1,,1,1,1,1,,,1,-1,,,4,,,
Philippe,Albert,27,DF,,2,1,1,,,,1,,1,1,1,,,,3,,,
Steve,Watson,19,MF,,2,-1,,1,,,1,1,1,,,,,,3,,,
Faustino,Asprilla,11,F,,2,2,,,1,1,1,,,,1,,,,3,,,
David,Batty,22,MF,,1,-2,,1,,,,1,1,1,,-1,-1,,4,,,
Robbie,Elliott,26,DF,,-2,-2,,,,1,1,,,1,,,,,2,,,
Paul,Kitson,28,F,,3,1,,,,1,,,,,1,,,,2,,,
Scott,Sellars,11,MF,,-2,-2,,,,,,,1,1,,-1,-1,,2,,,
Ruel,Fox,5,MF,,-1,-2,,,,1,1,,,,,-1,,,2,,,
Pavell,Srnicek,1,GK,,,,,,,,,,,,,,,,3,4,2,3
Shaka,Hislop,15,GK,,,,,,,,,,,,,,,,3,4,4,3
End,,,,,,,,,,,,,,,,,,,,,,
Team,,,,,,,,,,,,,,,,,,,,,,
Nottingham Forest,Garibaldis,1995 EPL,Nottingham.jpg,FourFourTwo,1,,,,,,,,,,,,,,,,,
First Name,Last Name,Captain,Position,Number,Shot,Assist,Number of Triangles,Number of Squares,Number of Circles,Pace,Touch,Strong,Hard,Tactics,Star,Head,Kick,Card,Injury,On Target,Reaction,Special Save
Steve,Chettle,,DF,5,-2,-2,,2,,,,1,1,1,1,,-1,1,4,,,
Colin,Cooper,,DF,4,2,1,,1,1,,1,1,,1,,,-1,,4,,,
Steve,Stone,,MF,11,3,3,1,,2,1,1,1,,,1,-1,,,4,,,
Chris,Bart-Williams,,MF,21,2,2,,1,,,1,1,,,1,,,,4,,,
Ian,Woan,,MF,14,3,4,1,,1,,1,1,,1,1,,,,4,,,
Des,Lyttle,,DF,2,,1,,1,,1,1,,,1,,-1,-1,,4,,,
Stuart,Pearce,,DF,3,2,2,1,1,1,1,,1,1,,1,-1,,,4,,,
Scot,Gemmill,,MF,8,,,1,,,,,1,,1,,-1,,,3,,,
Bryan,Roy,,F,22,3,2,1,,,1,1,,,1,1,,,,4,,,
Jason,Lee,,F,12,3,1,1,,,1,,1,,1,,,-1,,3,,,
Kevin,Campbell,,F,10,2,1,,,,,1,1,1,1,,,,,3,,,
David,Phillips,,MF,7,-2,,,,,,1,1,,,1,,-1,,3,,,
Alf-Inge,Haland,,MF,18,-2,-2,,,,1,,,1,1,,,-1,,3,,,
Paul,McGregor,,F,20,2,,,,,1,1,,,,,-1,,,3,,,
Lars,Bohinen,,MF,99,-2,-2,,,,,1,1,,,,,-1,,3,,,
Stephen,Howe,,MF,19,3,-2,,,,,1,,,1,,-1,,,2,,,
Andrea,Silenzi,,F,15,-2,-2,,,,,,1,,1,1,-1,-1,,2,,,
Chris,Allen,,MF,27,3,-2,,,,,,,,1,,-1,-1,,2,,,
Mark,Crossley,,GK,1,,,,,,,,,,,,,,,5,3,3,2
Alan,Fettis,,GK,13,,,,,,,,,,,,,,,2,1,5,1
End,,,,,,,,,,,,,,,,,,,,,,
Team,,,,,,,,,,,,,,,,,,,,,,
Queens Park Rangers,Rangers,1995 EPL,QPR.jpg,FourFourTwo,1,,,,,,,,,,,,,,,,,
First Name,Last Name,Captain,Position,Number,Shot,Assist,Number of Triangles,Number of Squares,Number of Circles,Pace,Touch,Strong,Hard,Tactics,Star,Head,Kick,Card,Injury,On Target,Reaction,Special Save
Trevor,Sinclair,,MF,11,2,4,1,,1,,1,,,,1,,,,4,,,
Simon,Barker,,MF,4,3,3,1,,1,,,1,1,,,,,,4,,,
Steven,Yates,,DF,21,-2,-2,,2,,,1,1,,,,-1,-1,,4,,,
David,Bardsley,,DF,1,-2,-2,,1,,,,,1,1,,-1,-1,1,4,,,
Danny,Dichio,,F,9,4,2,1,,,,,1,1,,,,,1,4,,,
Kevin,Gallen,,F,10,4,2,1,,,,,,,,1,,,,4,,,
Andy,Impey,,MF,7,2,3,,1,1,1,1,,,,,-1,,1,4,,,
Rufus,Brevett,,DF,3,,-2,,1,,,,1,,1,,,-1,,4,,,
Ian,Holloway,,MF,8,,1,,,1,,1,,,1,,-1,,,3,,,
Alan,McDonald,,DF,5,,-2,,1,,,,1,,,1,,-1,,3,,,
Danny,Maddix,,DF,6,-2,-2,,,,,,1,1,,,,-1,,3,,,
Karl,Ready,,DF,14,2,-2,,,,,,,1,1,,,-1,1,3,,,
Ray,Wilkins,,MF,20,-2,,,,,,,,,1,1,-1,,,3,,,
Nigel,Quashie,,MF,19,-2,-2,,,,,1,,,1,,-1,-1,,3,,,
Mark,Hateley,,F,26,3,1,,,,,,1,,,1,,,,3,,,
Trevor,Challis,,DF,24,-2,-2,,,,1,1,,,,,-1,,,3,,,
Matthew,Brazier,,MF,27,-2,-2,,,,1,,,,,,-1,,,3,,,
Simon,Osborn,,MF,15,2,,,,,,,1,,,,,,,2,,,
Juergen,Sommer,,GK,25,,,,,,,,,,,,,,,4,2,4,3
Tony,Roberts,,GK,1,,,,,,,,,,,,,,,2,3,2,1
End,,,,,,,,,,,,,,,,,,,,,,
Team,,,,,,,,,,,,,,,,,,,,,,
Sheffield Wednesday,Owls,1995 EPL,SheffieldWednesday.jpg,FourFourTwo,1,,,,,,,,,,,,,,,,,
First Name,Last Name,Captain,Position,Number,Shot,Assist,Number of Triangles,Number of Squares,Number of Circles,Pace,Touch,Strong,Hard,Tactics,Star,Head,Kick,Card,Injury,On Target,Reaction,Special Save
Peter,Atherton,,DF,,-2,1,,1,1,,1,,,1,,,,,4,,,
Des,Walker,,DF,,-2,-2,,1,1,1,,1,,,1,-1,-1,,4,,,
David,Hirst,,F,,4,2,1,,,1,,,1,,1,,,1,4,,,
Ian,Nolan,,DF,,,1,,1,,,1,1,,,,,,,4,,,
Guy,Whittingham,,F,,3,2,1,,,,1,1,,1,,,,,4,,,
Mark,Pembridge,,MF,,1,,,1,,1,,,1,,,,,,4,,,
Chris,Waddle,,MF,,1,4,1,,1,,1,,,,1,-1,,,4,,,
Lee,Briscoe,,DF,,-2,1,,1,,1,,1,,,,,-1,,4,,,
Steve,Nicol,,DF,,-2,-2,,,1,,,1,,1,1,,-1,,3,,,
Mark,Bright,,F,,4,2,1,,,,1,1,,,,,,,3,,,
Graham,Hyde,,MF,,,1,,,,,1,,,1,1,-1,,,3,,,
John,Sheridan,,MF,,-2,1,,,,,,,1,1,,,,,3,,,
Julian,Watts,,DF,,2,-2,,,,1,,,,1,,-1,,,3,,,
Regi,Blinker,,MF,,3,1,,,,,1,,,,1,,,,3,,,
Darko,Kovacevic,,F,,4,,,,,,,1,,,,,,,3,,,
Jon,Newsome,,DF,,2,-2,,,,,,,1,,,-1,,,3,,,
Marc,Degryse,,MF,,3,3,1,,1,,1,,,1,,-1,,,4,,,
Danny,Petrescu,,DF,,-2,-2,,,,1,,,,,1,-1,,,4,,,
Kevin,Pressman,,GK,,,,,,,,,,,,,,,,4,3,1,2
Chris,Woods,,GK,,,,,,,,,,,,,,,,2,3,2,
End,,,,,,,,,,,,,,,,,,,,,,
Team,,,,,,,,,,,,,,,,,,,,,,
Southampton,Saints,1995 EPL,Southampton.jpg,FourFourTwo,1,,,,,,,,,,,,,,,,,
First Name,Last Name,Captain,Position,Number,Shot,Assist,Number of Triangles,Number of Squares,Number of Circles,Pace,Touch,Strong,Hard,Tactics,Star,Head,Kick,Card,Injury,On Target,Reaction,Special Save
Jason,Dodd,,DF,,1,1,,1,1,1,1,,,,,-1,,,4,,,
Neil,Shipperley,,F,,3,3,1,,,,1,1,,1,,,,,4,,,
Matt,Le Tissier,,F,,3,3,1,,1,,1,,1,,1,-1,1,1,4,,,
Kenneth,Monkou,,DF,,1,-2,,2,,,,1,,1,,,,,4,,,
Jim,Magilton,,MF,,2,2,,1,,1,,1,,,,,,,4,,,
Richard,Hall,,DF,,,-2,,1,,,,1,,1,,,-1,,4,,,
Francis,Benali,,DF,,-2,-2,,,1,1,,,1,,1,-1,-1,,4,,,
Simon,Charlton,,DF,,-2,1,,,1,1,1,,,,,,,,4,,,
Barry,Venison,,DF,,-2,-2,,,,,,1,,1,1,-1,-1,,3,,,
Thomas,Widdrington,,MF,,2,2,,1,,,1,1,,,,,,,3,,,
Gordon,Watson,,F,,3,2,1,,,,1,,,,1,,,1,4,,,
Alan,Neilson,,DF,,-2,-2,,,,1,1,,,1,,-1,-1,,3,,,
Neil,Heaney,,MF,,2,2,,,,,1,,,,1,,,,3,,,
Neil,Maddison,,MF,,2,1,,,,1,,,,1,,,,,3,,,
David,Hughes,,MF,,2,-2,,,,,,1,,,,-1,,,3,,,
Frank,Bennett,,F,,-2,1,,,,1,,,,1,,,,,3,,,
Matt,Oakley,,MF,,-2,1,,,,,1,,,,1,-1,,,2,,,
Paul,Tisdale,,MF,,2,-2,,,,1,,1,,,,,,,2,,,
Dave,Beasant,,GK,,,,,,,,,,,,,,,,4,4,1,1
Bruce,Grobbelaar,,GK,,,,,,,,,,,,,,,,2,1,5,3
End,,,,,,,,,,,,,,,,,,,,,,
Team,,,,,,,,,,,,,,,,,,,,,,
Tottenham Hotspur,Lillywhites,1995 EPL,Spurs.jpg,FourFourTwo,1,,,,,,,,,,,,,,,,,
First Name,Last Name,Captain,Position,Number,Shot,Assist,Number of Triangles,Number of Squares,Number of Circles,Pace,Touch,Strong,Hard,Tactics,Star,Head,Kick,Card,Injury,On Target,Reaction,Special Save
Teddy,Sheringham,,F,,4,3,2,,1,1,1,1,,1,1,,1,,5,,,
Chris,Armstrong,,F,,4,1,1,,,1,1,1,,,,1,,,4,,,
Gary,Mabbutt,,DF,,-2,2,,1,1,,1,1,1,1,,,-1,,4,,,
Sol,Campbell,,DF,,,-2,,2,,,1,1,,1,1,,-1,,4,,,
David,Howells,,MF,,2,2,1,,1,1,1,,,1,,-1,,,4,,,
Dean,Austin,,DF,,-2,-2,,2,,,1,1,1,1,,,-1,,4,,,
Clive,Wilson,,DF,,-2,1,,1,1,1,1,,,,1,-1,,,4,,,
Ronny,Rosenthal,,MF,,,3,1,,2,1,,,,1,1,,,,4,,,
Colin,Calderwood,,DF,,,1,,2,,,,1,1,,1,,1,,4,,,
Ruel,Fox,,MF,,3,3,1,,,1,1,,,1,1,-1,,,3,,,
Jason,Dozzell,,MF,,2,2,,,,1,,1,,1,,-1,,,3,,,
Justin,Edinburgh,,DF,,-2,1,,,,,,1,,1,,-1,-1,,3,,,
Stuart,Nethercott,,DF,,-2,-2,,,,,,1,1,,,-1,,,3,,,
Andy,Sinton,,MF,,-2,1,,,,1,1,,,,,-1,,,3,,,
Gerry,McMahon,,MF,,-2,1,,,,1,1,,,,,-1,,,2,,,
Derren,Anderton,,F,,3,3,,,,1,1,,,,1,-1,,,2,,,
Ilie,Dumitrescu,,F,,,,,,,,,,,1,1,-1,,,2,,,
Darren,Caskey,,MF,,-2,-2,,,,,1,,,1,,-1,-1,,2,,,
Ian,Walker,,GK,,,,,,,,,,,,,,,,5,3,5,4
Christopher,Day,,GK,,,,,,,,,,,,,,,,2,2,3,1
End,,,,,,,,,,,,,,,,,,,,,,
Team,,,,,,,,,,,,,,,,,,,,,,
West Ham United,Hammers,1995 EPL,WestHam.jpg,FourFourTwo,1,,,,,,,,,,,,,,,,,
First Name,Last Name,Captain,Position,Number,Shot,Assist,Number of Triangles,Number of Squares,Number of Circles,Pace,Touch,Strong,Hard,Tactics,Star,Head,Kick,Card,Injury,On Target,Reaction,Special Save
Marc,Rieper,,DF,,1,-1,,2,,,,1,1,1,,,,,4,,,
Ian,Bishop,,DF,,,3,1,,1,,1,1,,,1,-1,,,4,,,
Julian,Dicks,,DF,,3,2,1,1,,,,1,1,,1,-1,,1,4,,,
Steve,Potts,,DF,,-2,2,,1,,,1,1,,1,,-1,-1,1,4,,,
Iain,Dowie,,F,,3,2,1,,1,,,1,1,1,,,,,4,,,
Tony,Cottee,,F,,4,2,1,,1,1,1,,,,1,,,,4,,,
Daniel,Williamson,,MF,,2,2,1,,1,1,,1,,,,-1,,,4,,,
Michael,Hughes,,MF,,-2,3,,,1,1,1,,,1,,,-1,,4,,,
Keith,Rowland,,DF,,-2,-2,,1,,1,1,1,,,,,-1,,4,,,
Tim,Breacker,,DF,,-2,-2,,1,,,1,1,,1,,,,,3,,,
John,Moncur,,MF,,-2,2,,,1,,1,,,1,1,-1,,,3,,,
Robbie,Slater,,MF,,2,-1,,,,1,,,,1,,-1,,,3,,,
Slaven,Bilic,,DF,,-2,-2,,,,,1,,1,,1,,,,3,,,
Alvin,Martin,,DF,,-2,-2,,,,,,1,1,1,,,-1,,3,,,
Don,Hutchison,,F,,3,1,,,,,,1,,,1,,,,3,,,
John,Harkes,,MF,,-2,1,,,,1,,1,,1,,-1,,,3,,,
Daniel,da Cruz Carvalho,,F,,3,-2,,,,1,,,,1,,,-1,,2,,,
Martin,Allen,,MF,,3,-2,,,,,,,1,1,,-1,,,2,,,
Ludek,Miklosko,,GK,,,,,,,,,,,,,,,,4,4,1,1
Neil,Finn,,GK,,,,,,,,,,,,,,,,2,2,1,3
End,,,,,,,,,,,,,,,,,,,,,,
Team,,,,,,,,,,,,,,,,,,,,,,
Wimbledon,Dons,1995 EPL,Wimbledon.jpg,FourFourTwo,1,,,,,,,,,,,,,,,,,
First Name,Last Name,Captain,Position,Number,Shot,Assist,Number of Triangles,Number of Squares,Number of Circles,Pace,Touch,Strong,Hard,Tactics,Star,Head,Kick,Card,Injury,On Target,Reaction,Special Save
Robbie,Earle,,MF,,3,2,1,,1,,,,,1,1,,,1,4,,,
Chris,Perry,,DF,,-2,-2,,1,1,1,1,,,1,,,-1,,4,,,
Kenny,Cunningham,,DF,,-2,1,,1,,1,1,1,,,,-1,,,4,,,
Dean,Holdsworth,,F,,3,3,2,,,1,,,1,1,,,,1,4,,,
Alan,Kimble,,DF,,-2,-2,,,1,1,,1,,,,-1,,,4,,,
Efan,Ekoku,,F,,3,3,1,,1,,,1,,1,,,,,4,,,
Oyvind,Leonhardsen,,MF,,2,3,1,,1,,1,,,1,,1,,,4,,,
Vinnie,Jones,,MF,,2,,,,,,,1,1,,1,,,2,4,,,
Marcus,Gayle,,F,,2,3,1,,,,,1,,,1,,,,3,,,
Alan,Reeves,,DF,,,-2,,1,,,1,1,,,,,-1,,3,,,
Mick,Harford,,MF,,2,-2,,,,,,1,,1,1,,,,3,,,
Andy,Thorn,,DF,,-2,-2,,,,,1,,,1,,,-1,,3,,,
Jon,Goodman,,F,,3,2,,,,,1,,,1,,,,,3,,,
Andy,Clarke,,F,,2,-2,,,,1,,,,1,,,,,3,,,
Dean,Blackwell,,DF,,-2,-2,,,,,1,1,,1,,,-1,,3,,,
Gary,Elkins,,DF,,-2,-2,,,,,1,1,,,,-1,,,2,,,
Andy,Pearce,,DF,,-2,-2,,,,,,,,,,,-1,,2,,,
Jason,Euell,,MF,,3,2,,,,,1,,,,1,,,,2,,,
Neil,Sullivan,,GK,,,,,,,,,,,,,,,,3,2,4,3
Paul,Heald,,GK,,,,,,,,,,,,,,,,3,3,1,2
End,,,,,,,,,,,,,,,,,,,,,,
Team,,,,,,,,,,,,,,,,,,,,,,
Arsenal,Gunners,1998 EPL,Arsenal.jpg,FourFourTwo,1,,,,,,,,,,,,,,,,,
First Name,Last Name,Captain,Position,Number,Shot,Assist,Number of Triangles,Number of Squares,Number of Circles,Pace,Touch,Strong,Hard,Tactics,Star,Head,Kick,Card,Injury,On Target,Reaction,Special Save
Marc,Overmars,,MF,,2,2,1,,2,1,1,1,,1,1,,,,5,,,
Lee,Dixon,,DF,,-2,,,2,1,,1,1,1,1,,-1,-1,1,5,,,
Ray,Parlour,,MF,,2,1,1,,,1,1,1,,1,,,,,5,,,
Martin,Keown,,DF,,,,,2,1,,1,1,1,1,,,,1,5,,,
Nicolas,Anelka,,F,,4,2,2,,1,1,1,1,,,1,,,,5,,,
Patrick,Viera,,MF,,1,2,1,1,,,1,1,1,1,1,,,1,5,,,
Nigel,Winterburn,,DF,,-2,1,,2,,,,1,1,1,,-1,-1,,5,,,
Dennis,Bergkamp,,F,,4,5,2,,1,1,1,1,,1,1,1,1,,4,,,
Emmanuel,Petit,,MF,,2,2,1,1,1,,1,1,1,1,1,,1,1,4,,,
Tony,Adams,,DF,,,-2,,2,1,,1,1,1,1,1,1,,,4,,,
Nelson,Vivas,,DF,,-2,-2,,1,1,,,1,,1,1,-1,-1,,2,,,
Stephen,Hughes,,MF,,1,2,,,1,,1,1,,,,,,,2,,,
Christopher,Wreh,,F,,1,-2,,,,,1,1,,,,-1,-1,-1,2,,,
Luis,Boa Morte,,F,,1,-2,,,,,1,1,,,,-1,-1,-1,2,,,
Steve,Bould,,DF,,-2,-2,,,,,1,1,,1,,-1,-1,,2,,,
Giles,Grimandi,,DF,,,-2,,,,,,1,,1,,-1,-1,1,2,,,
Remi,Garde,,MF,,-2,3,,,,,1,,,1,,-1,-1,,2,,,
Kaba,Diawara,,F,,1,-2,,,1,1,1,,,,,-1,-1,-1,2,,,
Nwankwo,Kanu,,F,,4,3,1,,,1,,,,,1,1,,-1,2,,,
Freddie,Ljungberg,,MF,,1,-2,,,,,,1,1,,,,,,2,,,
David,Seaman,,GK,,,,,,,,,,,,,,,,5,5,5,4
Alex,Manninger,,GK,,,,,,,,,,,,,,,,1,4,5,5
End,,,,,,,,,,,,,,,,,,,,,,
Team,,,,,,,,,,,,,,,,,,,,,,
Aston Villa FC,Lions,1998 EPL,AstonVilla.jpg,FourFourTwo,1,,,,,,,,,,,,,,,,,
First Name,Last Name,Captain,Position,Number,Shot,Assist,Number of Triangles,Number of Squares,Number of Circles,Pace,Touch,Strong,Hard,Tactics,Star,Head,Kick,Card,Injury,On Target,Reaction,Special Save
Darius,Vassel,,F,,1,3,,,,,1,,,,,-1,-1,-1,2,,,
Mark,Delaney,,DF,,-2,-2,,,,,,,,1,,-1,-1,-1,2,,,
Ugo,Ehiogu,,DF,,1,2,,1,,,1,1,,1,,,,,4,,,
Alan,Thompson,,MF,,1,2,,,1,,,1,1,1,,,1,,3,,,
Mark,Draper,,MF,,1,-2,,,1,,1,,,1,,,,,2,,,
Stan,Collymore,,F,,1,3,,,1,,1,,1,,1,,,1,2,,,
Ricardo,Scimeca,,DF,,1,-2,,,,,,1,,1,,,,,3,,,
Simon,Grayson,,DF,,-2,-2,,,,,,,,1,,-1,-1,,2,,,
Gary,Charles,,DF,,1,-2,,,,,,,,1,,,,-1,3,,,
Gareth,Southgate,,DF,,,-2,,2,1,,1,1,,1,1,1,,,5,,,
Alan,Wright,,DF,,-2,1,,2,,,1,1,,1,,-1,-1,,5,,,
Julian,Joachim,,F,,4,2,2,,,1,1,,,1,,1,,,5,,,
Ian,Taylor,,MF,,2,2,1,,1,,1,1,1,1,,,,,5,,,
Lee,Hendrie,,MF,,1,3,1,,1,1,,,1,1,,,,,5,,,
Gareth,Barry,,MF,,1,,1,1,,,1,1,,,1,,,,4,,,
Gary,Charles,,DF,,1,-2,,,,,,,,1,,,,-1,3,,,
Steve,Watson,,DF,,-2,2,1,1,,,,1,1,1,,-1,-1,1,5,,,
Paul,Merson,,MF,,2,2,1,,,,1,,,1,1,,,,4,,,
Dion,Dublin,,MF,,4,2,1,1,,,1,,,1,1,2,,,5,,,
Michael,Oakes,,GK,,,,,,,,,,,,,,,,4,3,4,5
Mark,Bosnich,,GK,,,,,,,,,,,,,,,,2,5,2,5
End,,,,,,,,,,,,,,,,,,,,,,
Team,,,,,,,,,,,,,,,,,,,,,,
Blackburn,Rovers,1998 EPL,Blackburn.jpg,FourFourTwo,1,,,,,,,,,,,,,,,,,
First Name,Last Name,Captain,Position,Number,Shot,Assist,Number of Triangles,Number of Squares,Number of Circles,Pace,Touch,Strong,Hard,Tactics,Star,Head,Kick,Card,Injury,On Target,Reaction,Special Save
Callum,Davidson,,DF,,,1,,1,,,,1,,1,,,,,5,,,
Stephane,Henchoz,,DF,,-2,-2,,2,,,1,1,,1,,-1,-1,,5,,,
Jason,Wilcox,,F,,2,3,1,,1,1,,,1,1,,,,1,4,,,
Darren,Peacock,,DF,,,2,,1,1,,,1,,1,,,,,4,,,
Jeff,Kenna,,DF,,-2,1,,1,1,,1,,,1,,-1,-1,,4,,,
Tim,Sherwood,,MF,,3,-2,1,1,,,,,1,1,,,,1,5,,,
Damien,Duff,,MF,,1,2,1,,1,1,1,,,,,,,-1,3,,,
Ashley,Ward,,F,,4,2,1,,1,,1,,,1,,,,,3,,,
Chris,Sutton,,F,,3,2,1,1,,,,,1,1,,,,1,3,,,
Billy,McKinlay,,MF,,-2,-2,1,,,,,,,1,1,-1,-1,,2,,,
Kevin,Davies,,F,,1,2,1,,,,1,,,,,,,,2,,,
Damien,Johnson,,MF,,1,1,,1,,,1,,,1,,,,,2,,,
Christian,Dailly,,DF,,-2,-2,,,1,,,1,,,1,-1,-1,-1,2,,,
Keith,Gillespie,,MF,,1,3,,,,,,,1,,,,,1,4,,,
Tim,Sherwood,,MF,,3,-2,1,1,,,,,1,1,,,,1,5,,,
Kevin,Gallacher,,MF,,4,2,,,,,,,,,1,,,-1,2,,,
Marlon,Broomes,,DF,,-2,-2,,,,,,,1,,,-1,-1,1,2,,,
David,Dunn,,MF,,2,-2,,,,,,,,1,,,,,2,,,
Nathan,Blake,,F,,4,-2,,,,1,,,,,,,,-1,2,,,
Gary,Croft,,DF,,-2,-2,,,,,,1,,,,-1,-1,,2,,,
John,Filan,,GK,,,,,,,,,,,,,,,,4,4,5,2
Tim,Flowers,,GK,,,,,,,,,,,,,,,,2,2,4,4
End,,,,,,,,,,,,,,,,,,,,,,
Team,,,,,,,,,,,,,,,,,,,,,,
Charlton Athletic,Addicks,1998 EPL,Charlton.jpg,FourFourTwo,1,,,,,,,,,,,,,,,,,
First Name,Last Name,Captain,Position,Number,Shot,Assist,Number of Triangles,Number of Squares,Number of Circles,Pace,Touch,Strong,Hard,Tactics,Star,Head,Kick,Card,Injury,On Target,Reaction,Special Save
Graham,Stuart,,F,,4,3,1,,,,,,,1,,,,,5,,,
John,Barnes,,DF,,1,-2,,,,,,,,,1,-1,-1,-1,2,,,
Mark,Bowen,,DF,,,-2,,,,,,,,,1,-1,-1,-1,2,,,
Mark,Bright,,F,,3,-2,,,,,1,,,,,,,-1,2,,,
Chris,Powell,,DF,,-2,1,,2,,,,1,,1,,-1,-1,,5,,,
Mark,Kinsella,,MF,,2,2,1,,1,,1,,,1,1,1,,,5,,,
Danny,Mills,,DF,,1,2,,1,,,1,1,1,,,,,,5,,,
Andy,Hunt,,F,,3,1,1,,1,1,,,,1,,,,,5,,,
Neil,Redfearn,,MF,,2,1,1,,1,,,,1,1,,,1,,5,,,
Carl,Tiler,,DF,,,-2,,1,1,,,1,,1,,,,,5,,,
John,Robinson,,MF,,2,1,1,,1,,,,,,,,,,4,,,
Richard,Rufus,,DF,,,2,,,,,,,1,1,,,,1,4,,,
Eddie,Youds,,DF,,2,2,,1,,,,1,,1,,,,,3,,,
Clive,Mendonca,,F,,4,-2,1,,,1,,,,1,,,,-1,3,,,
Martin,Pringle,,F,,3,-2,,,1,,1,,,1,,,,,5,,,
Keith,Jones,,MF,,1,-2,,,,,1,1,,,,,,-1,2,,,
Steve,Brown,,DF,,-2,-2,,,,,,1,,,,-1,-1,,2,,,
Shaun,Newton,,MF,,,2,,,,,,,1,,,,,,2,,,
Paul,Mortimer,,MF,,1,2,,,,,1,,,,,,,,2,,,
Sasa,Ilic,,GK,,,,,,,,,,,,,,,,4,3,1,3
Andy,Peterson,,GK,,,,,,,,,,,,,,,,2,2,5,5
End,,,,,,,,,,,,,,,,,,,,,,
Team,,,,,,,,,,,,,,,,,,,,,,
Chelsea,Blues,1998 EPL,Chelsea.jpg,FourFourTwo,1,,,,,,,,,,,,,,,,,
First Name,Last Name,Captain,Position,Number,Shot,Assist,Number of Triangles,Number of Squares,Number of Circles,Pace,Touch,Strong,Hard,Tactics,Star,Head,Kick,Card,Injury,On Target,Reaction,Special Save
Gianfranco,Zola,,F,,3,3,2,,1,1,1,1,,1,1,,1,,5,,,
Frank,Leboeuf,,DF,,2,,1,2,,,1,1,1,1,1,,,1,5,,,
Albert,Ferrer,,DF,,-2,1,,2,1,1,1,,1,1,1,-1,-1,,5,,,
Graeme,Le Saux,,DF,,-2,1,,1,2,,1,1,1,1,1,-1,-1,1,5,,,
Marcel,Desailly,,DF,,-2,,1,2,,,1,1,,1,1,-1,-1,,5,,,
Celestine,Babayaro,,DF,,1,1,1,1,,1,1,,,1,1,,,,4,,,
Roberto,Di Matteo,,MF,,1,2,1,,1,,1,,1,1,1,,,,4,,,
Dan,Petrescu,,DF,,2,2,1,1,,,,1,1,1,1,,1,,4,,,
Dennis,Wise,,MF,,-2,3,1,,1,,1,1,1,1,,-1,-1,1,3,,,
Gus,Poyet,,MF,,4,1,1,,1,,1,1,,1,,1,,,3,,,
Michael,Duberry,,DF,,-2,-2,,1,,,,,1,,,-1,-1,,3,,,
Tore Andre,Flo,,F,,3,2,1,,1,,,1,,1,1,1,,,3,,,
Jody,Morris,,MF,,1,1,,,1,,1,1,,,,,,,2,,,
Bjarne,Boldbaek,,MF,,2,2,,,1,,1,,,1,,,,,2,,,
Bernard,Lambourde,,DF,,-2,-2,,,,,,1,,1,,-1,-1,,2,,,
Pierluigi,Casiraghi,,F,,1,-2,,,,,1,,,1,1,,,,2,,,
Gianluca,Vialli,,F,,2,3,,,,,,,1,1,1,,,1,2,,,
Brian,Laudrup,,MF,,1,2,,,,,1,,,1,1,-1,-1,-1,4,,,
Mikael,Forssell,,F,,1,-2,,,,1,1,,,,,,,-1,2,,,
Eddie,Newton,,MF,,-2,-2,,,,,,,,1,,-1,-1,-1,2,,,
Ed,De Goey,,GK,,,,,,,,,,,,,,,,5,4,2,5
Kevin,Hitchcock,,GK,,,,,,,,,,,,,,,,1,4,4,3
End,,,,,,,,,,,,,,,,,,,,,,
Team,,,,,,,,,,,,,,,,,,,,,,
Coventry City,Blues,1998 EPL,CoventryCity.jpg,FourFourTwo,1,,,,,,,,,,,,,,,,,
First Name,Last Name,Captain,Position,Number,Shot,Assist,Number of Triangles,Number of Squares,Number of Circles,Pace,Touch,Strong,Hard,Tactics,Star,Head,Kick,Card,Injury,On Target,Reaction,Special Save
Philippe,Clement,,DF,,,2,,,,,,,,,1,-1,-1,,2,,,
Jean-Guy,Wallemme,,DF,,-2,-2,,,,,,1,,,,-1,-1,-1,2,,,
Marcus,Hall,,DF,,-2,-1,,,,,1,,,,,-1,-1,,2,,,
Muhamed,Konjic,,DF,,-2,-2,,,,,,,,1,,-1,-1,,2,,,
Richard,Shaw,,DF,,-2,-2,,2,,,1,1,,1,,1,-1,,5,,,
Darren,Huckerby,,MF,,4,3,1,,1,1,1,,1,,,,,,5,,,
Noel,Whelan,,F,,4,2,1,,1,,,,1,1,,1,,,5,,,
Paul,Telfer,,MF,,1,-2,,1,1,,,,1,1,,,,,5,,,
Gary,McAllister,,MF,,2,2,1,,1,1,,,,1,,,1,,5,,,
George,Boateng,,MF,,2,4,1,,,,,,1,1,1,,,,5,,,
Roland,Nilsson,,DF,,-2,1,,1,,,1,,,1,,-1,-1,-1,4,,,
David,Burrows,,DF,,-2,1,,1,,,,1,1,1,,-1,-1,,4,,,
Steve,Froggatt,,MF,,1,5,1,,1,,1,,,1,,,,,4,,,
Gary,Breen,,DF,,1,1,,1,,,,1,,1,,,,,3,,,
Trond Egil,Soltvedt,,MF,,1,2,,,1,,1,,,1,,,,,3,,,
Paul,Williams,,DF,,-2,1,,1,,,,,,1,,-1,-1,,3,,,
Marc,Edworthy,,DF,,-2,-2,,1,,,,1,,,,-1,-1,,3,,,
John,Aloisi,,F,,4,3,,,,,,,1,,,,,1,2,,,
Barry,Quinn,,DF,,-2,-2,,,,,,1,,,,-1,-1,,2,,,
Magnus,Hedman,,GK,,,,,,,,,,,,,,,,5,4,4,3
Steve,Ogrizovic,,GK,,,,,,,,,,,,,,,,1,4,4,1
End,,,,,,,,,,,,,,,,,,,,,,
Team,,,,,,,,,,,,,,,,,,,,,,
Derby County,Rams,1998 EPL,DerbyCounty.jpg,FourFourTwo,1,,,,,,,,,,,,,,,,,
First Name,Last Name,Captain,Position,Number,Shot,Assist,Number of Triangles,Number of Squares,Number of Circles,Pace,Touch,Strong,Hard,Tactics,Star,Head,Kick,Card,Injury,On Target,Reaction,Special Save
Jacob,Laursen,,DF,,-2,-2,,2,,,,,1,1,1,-1,-1,,5,,,
Paulo,Wanchope,,F,,3,3,1,,1,1,1,,1,,1,,,1,5,,,
Spencer,Prior,,DF,,,-2,,2,,,,1,,1,,,,,5,,,
Darryl,Powell,,MF,,-2,2,1,,1,,1,,1,1,1,-1,-1,,5,,,
Lars,Bohinen,,MF,,-2,3,1,,1,,,1,1,1,,-1,-1,,5,,,
Horacio,Carbonari,,DF,,3,-2,,1,1,,1,1,,1,,1,,,4,,,
Dean,Sturridge,,F,,3,3,1,,,1,1,,,1,,,,,4,,,
Rory,Delap,,MF,,-2,3,1,,1,,1,1,,1,,-1,-1,,3,,,
Lee,Carsley,,MF,,1,1,,,1,,,1,1,1,,,,,4,,,
Stefan,Schnoor,,DF,,2,1,,1,,,1,,1,1,,,,,3,,,
Stefano,Eranio,,MF,,-2,1,,,1,1,,,,1,,-1,,,3,,,
Francesco,Baiano,,F,,3,1,1,,,,,,,1,,1,,,3,,,
Tony,Dorigo,,DF,,1,3,,1,,,,1,,1,,,,,3,,,
Deon,Burton,,F,,5,-2,1,,,1,1,,,,,,,,2,,,
Igor,Stimac,,DF,,-2,3,,1,,,,,1,,1,-1,-1,,2,,,
Steve,Elliott,,DF,,-2,-2,,,,,,1,,1,,-1,-1,,2,,,
Kevin,Harper,,F,,,1,,,1,,1,,,,,,,,2,,,
Mikkel,Beck,,F,,2,-2,,,,,1,,,1,,,,-1,5,,,
Rob,Kozluk,,DF,,-2,-2,,,,,,1,,,,-1,-1,-1,2,,,
Vassilios,Borbokis,,DF,,-2,-2,,,,,,,,1,,-1,-1,-1,2,,,
Russell,Hoult,,GK,,,,,,,,,,,,,,,,4,3,4,5
Mart,Poom,,GK,,,,,,,,,,,,,,,,2,4,4,5
End,,,,,,,,,,,,,,,,,,,,,,
Team,,,,,,,,,,,,,,,,,,,,,,
Everton,Blues,1998 EPL,Everton.jpg,FourFourTwo,1,,,,,,,,,,,,,,,,,
First Name,Last Name,Captain,Position,Number,Shot,Assist,Number of Triangles,Number of Squares,Number of Circles,Pace,Touch,Strong,Hard,Tactics,Star,Head,Kick,Card,Injury,On Target,Reaction,Special Save
Francis,Jeffers,,F,,5,5,,,,,1,,,,,,,-1,2,,,
Kevin,Campbell,,F,,5,4,,,,1,,,,,,,,,6,,,
John,Oster,,MF,,2,-2,,,,,,,,1,,,,,2,,,
Michael,Ball,,DF,,1,3,1,1,,,,1,1,1,,,,,5,,,
David,Unsworth,,DF,,,1,,2,,,,1,1,,,,,,5,,,
Don,Hutchison,,MF,,2,4,1,,2,,1,,1,1,,,,1,5,,,
Olivier,Dacourt,,MF,,1,-2,1,1,,1,,,1,1,1,,1,1,4,,,
Marco,Materazzi,,DF,,,-2,,1,1,,1,,1,1,,,,1,4,,,
Craig,Short,,DF,,-2,-2,,1,1,,,,1,1,,-1,-1,,3,,,
Dave,Watson,,DF,,-2,-2,,1,,,,1,,1,,-1,-1,-1,3,,,
Nick,Barmby,,F,,2,3,1,,,,1,,,1,,,,,3,,,
John,Collins,,MF,,1,-2,,,1,,1,,,,1,,,,3,,,
Ibrahima,Bakayoko,,F,,3,-2,,,1,1,1,,,,,,,,3,,,
Danny,Cadamarteri,,F,,2,1,1,,,1,,,1,,,,,,2,,,
Alec,Cleland,,DF,,-2,2,,1,,,1,,,1,,-1,-1,1,3,,,
Richard,Dunne,,DF,,-2,-2,,,1,,,,1,,,-1,-1,1,2,,,
Duncan,Ferguson,,F,,4,-2,1,,,,,1,,,1,1,,,5,,,
David,Weir,,DF,,,3,,1,,,,,,,1,-1,-1,,5,,,
Tony,Grant,,MF,,-2,-2,,,,,1,,,,,-1,-1,-1,2,,,
Thomas,Myhre,,GK,,,,,,,,,,,,,,,,6,3,4,5
End,,,,,,,,,,,,,,,,,,,,,,
Team,,,,,,,,,,,,,,,,,,,,,,
Leeds United,Whites,1998 EPL,Leeds.jpg,FourFourTwo,1,,,,,,,,,,,,,,,,,
First Name,Last Name,Captain,Position,Number,Shot,Assist,Number of Triangles,Number of Squares,Number of Circles,Pace,Touch,Strong,Hard,Tactics,Star,Head,Kick,Card,Injury,On Target,Reaction,Special Save
Harry,Kewell,,F,,2,3,1,,1,1,1,,,1,1,,,,5,,,
Jimmy Floyd,Hasselbaink,,F,,4,5,3,,,1,1,,1,1,1,1,,1,5,,,
Ian,Harte,,DF,,1,3,1,1,,,1,1,1,1,,,1,,5,,,
Lee,Bowyer,,MF,,3,1,1,,1,1,1,1,1,1,,,,,5,,,
David,Hopkin,,MF,,1,2,1,,,,1,1,1,1,,,,,5,,,
Alf-Inge,Haland,,DF,,,,,1,1,,1,1,1,1,,,,1,4,,,
Lucas,Radebe,,DF,,-2,-2,,2,1,,1,1,,1,1,-1,-1,,5,,,
Johnathan,Woodgate,,DF,,1,1,,2,,,1,1,,1,,,,,4,,,
Alan,Smith,,MF,,3,2,1,,1,1,1,,1,,,,,,2,,,
David,Wetherall,,DF,,-2,2,,1,,,1,1,,1,,-1,-1,,2,,,
Robert,Molenaar,,DF,,1,-2,,1,,,,1,,1,,,,,3,,,
Martin,Hiden,,DF,,-2,2,,1,1,,,,1,1,,-1,-1,,2,,,
Stephen,McPhail,,MF,,,2,,,1,1,1,,,,,-1,-1,-1,2,,,
Clyde,Wijnhard,,F,,2,3,1,,,,1,,,1,,,,,2,,,
David,Batty,,MF,,-1,-2,,,1,,,,,1,1,-1,-1,,3,,,
Danny,Granville,,DF,,-2,-2,,,1,,,,1,1,,-1,-1,1,2,,,
Bruno,Ribeiro,,MF,,1,-2,,,,,1,,,1,,,,,2,,,
Matt,Jones,,MF,,-2,-2,,,,1,,,,,,-1,-1,-1,2,,,
Willem,Korsten,,MF,,3,-2,,,,,1,,,,1,,,-1,2,,,
Nigel,Martyn,,GK,,,,,,,,,,,,,,,,5,4,5,
Paul,Robinson,,GK,,,,,,,,,,,,,,,,1,4,1,4
End,,,,,,,,,,,,,,,,,,,,,,
Team,,,,,,,,,,,,,,,,,,,,,,
Leicester City,Foxes,1998 EPL,Leicester.jpg,FourFourTwo,1,,,,,,,,,,,,,,,,,
First Name,Last Name,Captain,Position,Number,Shot,Assist,Number of Triangles,Number of Squares,Number of Circles,Pace,Touch,Strong,Hard,Tactics,Star,Head,Kick,Card,Injury,On Target,Reaction,Special Save
Arnar,Gunnlaugsson,,F,,1,1,,,,,1,,,,,-1,-1,,2,,,
Graham,Fenton,,MF,,1,1,,,,,,1,,,,-1,-1,-1,2,,,
Garry,Parker,,MF,,2,-2,,,,,,,,1,,,,-1,2,,,
Stuart,Wilson,,MF,,1,-2,,,,1,,,,,,-1,-1,-1,2,,,
Robert,Ullathorne,,DF,,-2,1,,1,,,,1,,1,,-1,-1,,4,,,
Andy,Impey,,DF,,,1,,,1,,1,,,1,,-1,-1,-1,4,,,
Steve,Walsh,,DF,,2,1,,1,,,,1,,1,,,,,3,,,
Pontus,Kamark,,DF,,-2,-2,,1,,,1,,,1,,-1,-1,-1,2,,,
Theodoros,Zagorakis,,MF,,1,1,,,1,,,,1,1,,,,,3,,,
Gerry,Taggart,,DF,,-2,3,,1,,,,1,,1,,-1,-1,,2,,,
Ian,Marshall,,F,,4,-2,,,,,1,,,1,,,,-1,2,,,
Stuart,Campbell,,MF,,-2,-2,,,,,,,,1,,-1,-1,,2,,,
Steve,Guppy,,MF,,2,4,1,1,,1,1,,1,1,,,,,5,,,
Matt,Elliott,,DF,,2,1,1,1,,,,1,1,1,,,,,5,,,
Neil,Lennon,,MF,,,2,1,,1,,1,,1,1,,,1,,5,,,
Muzzy,Izzet,,MF,,3,2,1,,1,1,1,,,1,,,,,5,,,
Frank,Sinclair,,DF,,,-2,,1,1,,,1,1,1,1,,,1,5,,,
Emile,Heskey,,F,,3,2,1,,1,1,,1,,,1,1,,,5,,,
Robbie,Savage,,MF,,,1,,1,,,1,1,,1,,,,,5,,,
Tony,Cottee,,F,,4,-2,1,,1,,1,,,1,,,,,5,,,
Kasey,Keller,,GK,,,,,,,,,,,,,,,,5,4,5,3
Pegguy,Aphexad,,GK,,,,,,,,,,,,,,,,1,4,1,5
End,,,,,,,,,,,,,,,,,,,,,,
Team,,,,,,,,,,,,,,,,,,,,,,
Liverpool,Reds,1998 EPL,Liverpool.jpg,FourFourTwo,1,,,,,,,,,,,,,,,,,
First Name,Last Name,Captain,Position,Number,Shot,Assist,Number of Triangles,Number of Squares,Number of Circles,Pace,Touch,Strong,Hard,Tactics,Star,Head,Kick,Card,Injury,On Target,Reaction,Special Save
Jamie,Carragher,,MF,,-1,2,,2,,,1,,1,1,1,,,1,5,,,
Paul,Ince,,MF,,2,2,1,1,1,,,,1,1,1,,,,5,,,
Jamie,Redknapp,,MF,,2,2,1,,1,1,,,1,1,1,,1,,5,,,
Steve,Staunton,,DF,,-2,-2,,2,,,1,,,1,,-1,-1,,5,,,
Michael,Owen,,F,,4,2,3,,,1,1,1,,,1,1,,-1,5,,,
Patrik,Berger,,MF,,2,2,1,,1,,1,,,1,,,1,,5,,,
Veggard,Heggem,,DF,,1,2,1,,,,,1,,1,,,,,4,,,
Steve,McManaman,,MF,,2,3,1,,1,1,1,,,1,1,,,,4,,,
Phil,Babb,,DF,,-2,,,1,,,,,1,1,,-1,-1,,4,,,
Robbie,Fowler,,F,,4,3,1,,1,,1,1,,1,1,,,,4,,,
Karl-Heinz,Riedle,,F,,2,1,1,,1,,,,1,1,,1,,,3,,,
David,Thompson,,MF,,1,1,,,1,,1,,,1,,,,,2,,,
Jason,McAteer,,MF,,,1,,,,1,,,,1,,-1,-1,1,2,,,
Steven,Gerrard,,MF,,1,1,,,1,,1,,,1,,,,,2,,,
Stig Inge,Bjornebye,,DF,,-2,2,,1,,1,,,,,1,-1,-1,,3,,,
Dominic,Matteo,,MF,,,2,,,,,,,,1,,,,1,3,,,
Rigobert,Song,,DF,,-2,1,,1,,,,1,,,1,-1,-1,,4,,,
Oyvind,Leonhardsen,,MF,,1,-2,,,,,1,,,,,,,-1,2,,,
Steve,Harkness,,DF,,-2,-2,,,,,,,,1,,-1,-1,,2,,,
Bjorn Tore,Kvarme,,DF,,-2,-2,,,,,,1,,,,-1,-1,-1,2,,,
David,James,,GK,,,,,,,,,,,,,,,,4,3,2,5
Brad,Friedel,,GK,,,,,,,,,,,,,,,,2,5,3,1
End,,,,,,,,,,,,,,,,,,,,,,
Team,,,,,,,,,,,,,,,,,,,,,,
Manchester United,Red Devils,1998 EPL,ManchesterU.jpg,FourFourTwo,1,,,,,,,,,,,,,,,,,
First Name,Last Name,Captain,Position,Number,Shot,Assist,Number of Triangles,Number of Squares,Number of Circles,Pace,Touch,Strong,Hard,Tactics,Star,Head,Kick,Card,Injury,On Target,Reaction,Special Save
Terry,Sheringham,,F,,1,2,1,,,,1,,,1,1,1,,,2,,,
David,May,,DF,,,-1,,,,,,1,,1,,-1,-1,,2,,,
John,Curtis,,DF,,-2,-2,,,,,1,1,,,,-1,-1,-1,2,,,
Jordi,Cruyff,,MF,,3,2,,,,,1,,,1,1,,,-1,2,,,
Gary,Neville,,DF,,-1,1,1,1,1,1,1,,1,1,1,,,1,5,,,
David,Beckham,,MF,,2,3,2,,1,1,1,1,,1,1,,2,,5,,,
Roy,Keane,,MF,,,-2,,1,2,,1,1,1,1,1,,,,5,,,
Dwight,Yorke,,MF,,4,3,2,,1,1,1,,,1,1,,,,5,,,
Jaap,Stam,,DF,,-1,,,2,1,,1,1,,1,1,1,,,5,,,
Andy,Cole,,F,,4,1,1,,1,1,1,,,1,1,,,,4,,,
Denis,Irwin,,DF,,,1,,2,,,1,1,1,1,1,,1,1,4,,,
Paul,Scholes,,MF,,2,2,1,,2,,1,1,1,1,1,,,,4,,,
Nicky,Butt,,DF,,,1,1,1,,,1,1,1,1,,,,1,3,,,
Jesper,Blomqvist,,DF,,,1,1,,1,,1,1,,1,,,,,3,,,
Phil,Neville,,DF,,-2,1,1,1,,,,1,,1,,-1,-1,,3,,,
Ronny,Johnsen,,DF,,1,-2,,1,1,,1,,,1,,1,,,3,,,
Ryan,Giggs,,MF,,1,1,1,,1,1,,,,1,1,,1,,3,,,
Henning,Berg,,DF,,-2,2,,1,,,,1,,1,,-1,-1,,2,,,
Wes,Brown,,DF,,-2,-2,,,1,,1,1,,,,-1,-1,,2,,,
Ole Gunnar,Solskjaer,,F,,4,,1,,,1,,,,1,1,,,-1,2,,,
Peter,Schmeichel,,GK,,,,,,,,,,,,,,,,3,4,3,3
Raimond,Van Der Gouw,,GK,,,,,,,,,,,,,,,,3,4,4,5
End,,,,,,,,,,,,,,,,,,,,,,
Team,,,,,,,,,,,,,,,,,,,,,,
Middlesbrough,Boro,1998 EPL,Middlesbrough.jpg,FourFourTwo,1,,,,,,,,,,,,,,,,,
First Name,Last Name,Captain,Position,Number,Shot,Assist,Number of Triangles,Number of Squares,Number of Circles,Pace,Touch,Strong,Hard,Tactics,Star,Head,Kick,Card,Injury,On Target,Reaction,Special Save
Dean,Gordon,,MF,,1,2,1,1,,,1,1,,1,,,,,5,,,
Andy,Townsend,,MF,,,2,1,,1,,1,1,1,1,,,,,5,,,
Hamilton,Ricard,,F,,4,2,1,,1,1,,,,1,1,,,,5,,,
Robbie,Mustoe,,MF,,2,1,1,,1,,,1,1,1,,,1,1,5,,,
Colin,Cooper,,DF,,,1,1,1,,,1,1,,1,,,,,5,,,
Steve,Vickers,,DF,,,-2,,1,1,,1,1,,1,,,,,5,,,
Gary,Pallister,,DF,,-2,-2,,2,,,,1,,1,1,-1,-1,,4,,,
Gianluca,Festa,,DF,,1,1,,2,,,,1,1,1,,,,,4,,,
Paul,Gascoigne,,MF,,2,2,1,,,,,,1,1,1,1,,1,4,,,
Brian,Deane,,F,,3,2,,,1,,1,1,,1,,1,,,5,,,
Robbie,Stockdale,,DF,,-2,3,,1,,,1,1,,,,-1,-1,,3,,,
Mikkel,Beck,,F,,2,3,,,1,1,,,,1,,,,,3,,,
Curtis,Fleming,,DF,,1,3,,,,,,1,,1,,,,,2,,,
Neil,Maddison,,DF,,-2,1,,,,,,,,1,,-1,-1,,2,,,
Mark,Summerbell,,MF,,-2,-2,,,,,,,1,,,-1,-1,,2,,,
Phil,Stamp,,MF,,2,-2,,,,,1,,,,,,1,1,2,,,
Keith,O'Neill,,MF,,-2,5,,,,1,,,,,,-1,-1,,3,,,
Craig,Harrison,,DF,,-2,-2,,,,,,1,,,,-1,-1,-1,2,,,
Alan,Moore,,MF,,-2,-2,,,,,1,,,,,-1,-1,-1,2,,,
Mark,Schwarzer,,GK,,,,,,,,,,,,,,,,5,5,4,2
Marlon,Beresford,,GK,,,,,,,,,,,,,,,,1,3,,2
End,,,,,,,,,,,,,,,,,,,,,,
Team,,,,,,,,,,,,,,,,,,,,,,
Newcastle United,Magpies,1998 EPL,Newcastle.jpg,FourFourTwo,1,,,,,,,,,,,,,,,,,
First Name,Last Name,Captain,Position,Number,Shot,Assist,Number of Triangles,Number of Squares,Number of Circles,Pace,Touch,Strong,Hard,Tactics,Star,Head,Kick,Card,Injury,On Target,Reaction,Special Save
Paul,Dalglish,,F,,1,-2,,,,,1,,,,,,,,2,,,
Louis,Saha,,F,,1,2,,,,1,,,,,,,,,2,,,
Georgios,Georgiadis,,DF,,-2,-2,,,,,,,1,,,-1,-1,,2,,,
Silvio,Maric,,MF,,-2,2,,,,,1,,,,,-1,-1,,5,,,
Gary,Speed,,MF,,2,-2,,1,1,,1,,1,1,1,,,,5,,,
Laurent,Charvet,,DF,,,1,1,1,,,1,1,,1,,,1,,5,,,
Nikos,Dabizas,,DF,,2,-2,,1,1,,,1,1,,,,,1,4,,,
Nolberto,Solano,,MF,,3,4,1,,1,1,,,,1,,,1,-1,4,,,
Dietmar,Hamann,,MF,,2,1,,1,,,,1,,1,1,,,1,3,,,
Rob,Lee,,MF,,-2,2,,1,1,,,,1,1,1,-1,-1,,3,,,
Stephen,Glass,,MF,,2,2,,,1,,1,,,1,,,,-1,3,,,
Warren,Burton,,DF,,-2,-2,,1,,,,,1,1,1,-1,-1,,3,,,
Andy,Griffin,,DF,,-2,-2,,,1,,,1,,,,-1,-1,-1,2,,,
Temur,Ketsbaia,,MF,,3,3,1,,,,1,,1,1,,,,,2,,,
Andreas,Andersson,,F,,2,-2,1,,,1,,,,,,,,-1,2,,,
Didier,Domi,,DF,,,-2,,1,,,,1,,1,,-1,-1,,5,,,
Steve,Howey,,DF,,-2,-2,,1,,,,1,1,,,-1,-1,,2,,,
Aaron,Hughes,,DF,,-1,2,,,1,,,,,1,,-1,-1,,2,,,
Stuart,Pearce,,DF,,,2,,,,,,,1,,,-1,-1,1,2,,,
Alan,Shearer,,F,,5,2,2,,,1,1,,1,1,1,1,,,5,,,
Shay,Given,,GK,,,,,,,,,,,,,,,,5,2,4,5
Steve,Harper,,GK,,,,,,,,,,,,,,,,2,3,2,5
End,,,,,,,,,,,,,,,,,,,,,,
Team,,,,,,,,,,,,,,,,,,,,,,
Nottingham Forest,Garibaldis,1998 EPL,Nottingham.jpg,FourFourTwo,1,,,,,,,,,,,,,,,,,
First Name,Last Name,Captain,Position,Number,Shot,Assist,Number of Triangles,Number of Squares,Number of Circles,Pace,Touch,Strong,Hard,Tactics,Star,Head,Kick,Card,Injury,On Target,Reaction,Special Save
Alan,Rogers,,DF,,2,2,1,1,,,1,1,,,,,,,5,,,
Steve,Chettle,,DF,,1,-2,,1,1,,,,1,1,,,,1,5,,,
Steve,Stone,,MF,,2,3,1,,,,,,1,1,,,,1,5,,,
Andy,Johnson,,MF,,-2,2,,,1,,,1,,1,,-1,-1,,4,,,
Thierry,Bonalair,,DF,,1,1,,1,,,1,,,1,,,,,4,,,
Chris,Bart-Wiliams,,MF,,2,1,,,1,,,1,,1,,,1,,3,,,
Craig,Armstrong,,DF,,-2,-2,,1,,1,1,,,,,-1,-1,,5,,,
Dougie,Freedman,,F,,4,2,1,,,,,,,1,,1,,,3,,,
Pierre,Van Hooijdonk,,F,,4,4,1,,,1,,,,,1,,,1,3,,,
Scott,Gemmill,,MF,,-2,2,,,1,,,,1,,,-1,-1,,4,,,
Jon Olav,Hjelde,,DF,,1,-2,,1,,,,1,,,,,,,3,,,
Matthieu,Louis-Jean,,DF,,-2,2,,,,,,,1,,,-1,-1,1,2,,,
Jean-Claude,Darcheville,,F,,2,2,1,,,1,,,,,,,,,2,,,
Neil,Shipperley,,F,,1,2,,,,,1,,,,,,,-1,2,,,
Nigel,Quashie,,MF,,-2,2,,,,,1,,,,,-1,-1,,2,,,
Marlon,Harewood,,F,,1,1,,,,1,,,,,,,,,2,,,
Christian,Edwards,,DF,,-2,-2,,,,,,1,,,,-1,-1,-1,2,,,
Richard,Gough,,DF,,,,,,,,,,,1,,-1,-1,1,2,,,
Des,Lyttle,,DF,,-2,,,,,,,,,1,,-1,-1,,2,,,
Dave,Beasant,,GK,,,,,,,,,,,,,,,,4,4,1,2
Mark,Crossley,,GK,,,,,,,,,,,,,,,,2,4,2,3
End,,,,,,,,,,,,,,,,,,,,,,
Team,,,,,,,,,,,,,,,,,,,,,,
Sheffield Wednesday,Owls,1998 EPL,SheffieldWednesday.jpg,FourFourTwo,1,,,,,,,,,,,,,,,,,
First Name,Last Name,Captain,Position,Number,Shot,Assist,Number of Triangles,Number of Squares,Number of Circles,Pace,Touch,Strong,Hard,Tactics,Star,Head,Kick,Card,Injury,On Target,Reaction,Special Save
Richard,Cresswell,,F,2,3,,,,,,,1,,,,,,-1,2,,,
Mark,McKeever,,MF,-2,-2,,,,,,1,,,,,-1,-1,-1,2,,,
Jim,Magilton,,DF,,1,1,,,,,,,,1,,-1,-1,-1,2,,,
Steve,Haslam,,DF,,-2,-2,,,,,,1,,,,-1,-1,-1,2,,,
Peter,Atherton,,DF,,1,,,2,1,,1,,1,1,,,,1,5,,,
Wim,Jonk,,MF,,1,3,1,,1,,1,,,1,1,,,,5,,,
Emerson,Thome,,DF,,,1,,1,1,,,1,,1,,,,,5,,,
Des,Walker,,DF,,-2,-2,,2,,,,1,,1,,-1,-1,,5,,,
Andy,Booth,,F,,3,2,1,,,,,,1,1,,1,,,5,,,
Peter,Rudi,,MF,,3,1,1,,,,1,,,1,,,,,5,,,
Andy,Hinchcliffe,,DF,,2,3,1,1,,,,1,1,1,,,1,1,5,,,
Benito,Carbone,,F,,4,4,1,,,1,1,,1,1,1,,,,5,,,
Niclas,Alexandersso,,MF,,2,2,,,,1,,,,1,,,,-1,5,,,
Danny,Sonner,,MF,,2,2,,,1,,,,1,1,,,,,5,,,
Ritchie,Humphreys,,DF,,1,-2,,,1,,1,1,,,,,,,2,,,
Dejan,Stefanovic,,DF,,,-1,,1,,1,,,1,,,-1,-1,1,2,,,
Lee,Briscoe,,DF,,1,-2,,1,,,,,,1,,,,,2,,,
Juan,Cobian,,DF,,-2,-2,,,1,,1,,,,,-1,-1,,2,,,
Jon,Newsome,,DF,,,-2,,,,,,,,1,,-1,-1,-1,2,,,
Pavel,Srnicek,,GK,,,,,,,,,,,,,,,,5,5,5,1
Kevin,Pressman,,GK,,,,,,,,,,,,,,,,2,4,4,4
Paolo,Di Canio,,F,,5,-2,1,,,,1,,,1,1,,,2,4,,,
End,,,,,,,,,,,,,,,,,,,,,,
Team,,,,,,,,,,,,,,,,,,,,,,
Southampton,Saints,1998 EPL,Southampton.jpg,FourFourTwo,1,,,,,,,,,,,,,,,,,
First Name,Last Name,Captain,Position,Number,Shot,Assist,Number of Triangles,Number of Squares,Number of Circles,Pace,Touch,Strong,Hard,Tactics,Star,Head,Kick,Card,Injury,On Target,Reaction,Special Save
Mark,Hughes,,F,,,1,1,,1,,1,,1,1,,1,,1,5,,,
Claus,Lundekvam,,DF,,-2,-2,,2,,,,1,1,1,,-1,-1,1,5,,,
Egil,Ostenstad,,F,,3,-2,1,,1,1,,,,1,1,,,,4,,,
Jason,Dodd,,DF,,1,3,1,1,,,,1,,1,,,,1,4,,,
Scott,Hiley,,DF,,-2,-2,,1,1,,,1,,1,,-1,-1,,4,,,
Carlton,Palmer,,MF,,-2,1,,1,,,1,,,1,,-1,-1,,5,,,
Ken,Monkou,,DF,,1,-2,,1,,,,1,,1,,,,,3,,,
Matt,Le Tissier,,MF,,4,4,1,,,,,,1,1,1,,1,,3,,,
Matt,Oakley,,MF,,2,3,1,,,,1,,,1,,,,,3,,,
Francis,Benali,,DF,,-2,1,,1,,,,1,,1,,-1,-1,,3,,,
James,Beattie,,F,,3,4,1,,,,1,1,,1,,1,,,3,,,
Hassan,Kachloul,,MF,,4,-2,,,1,1,,,1,1,,,,,3,,,
Wayne,Bridge,,DF,,-2,-2,,,,,,1,,,,-1,-1,-1,2,,,
Stuart,Ripley,,F,,-2,2,,,,,1,,,,,1,-1,,3,,,
Patrick,Colleter,,DF,,1,-2,,,,,1,,,,,,,,5,,,
Chris,Marsden,,MF,,3,2,,,,,,,1,,,,,,5,,,
David,Howells,,MF,,2,-2,,,1,,1,,,,,,,,2,,,
David,Hughes,,MF,,-2,-2,,,,,,,,1,,-1,-1,,2,,,
Garry,Monk,,DF,,-2,-2,,,,,1,,,,,-1,-1,,2,,,
Richard,Dryden,,DF,,-2,-2,,,,,,,,1,,-1,-1,,2,,,
Paul,Jones,,GK,,,,,,,,,,,,,,,,5,3,3,4
Neil,Moss,,GK,,,,,,,,,,,,,,,,2,3,5,3
End,,,,,,,,,,,,,,,,,,,,,,
Team,,,,,,,,,,,,,,,,,,,,,,
Tottenham Hotspur,Lillywhites,1998 EPL,Spurs.jpg,FourFourTwo,1,,,,,,,,,,,,,,,,,
First Name,Last Name,Captain,Position,Number,Shot,Assist,Number of Triangles,Number of Squares,Number of Circles,Pace,Touch,Strong,Hard,Tactics,Star,Head,Kick,Card,Injury,On Target,Reaction,Special Save
Colin,Calderwood,,DF,,-1,-2,,,,,,,1,,1,-1,-1,1,3,,,
Stephen,Clemence,,MF,,-2,-2,,,,,1,,,,,,,,2,,,
John,Scales,,DF,,-2,-2,,,,,,1,,,,-1,-1,,2,,,
Jose,Dominguez,,MF,,2,4,,,,1,,,,,,,,,2,,,
Ruel,Fox,,MF,,2,-2,,,1,1,,,,1,,,,,3,,,
Steffen,Freund,,MF,,-2,1,,1,,,,,1,1,,-1,-1,,5,,,
Luke,Young,,DF,,-2,-2,,1,,1,,1,,,,-1,-1,,2,,,
Justin,Edinburgh,,DF,,-2,1,,1,,,,1,1,,,-1,-1,1,2,,,
Ramon,Vega,,DF,,2,-2,,,1,,1,,,1,,,,,2,,,
Andy,Sinton,,MF,,-2,-2,,,1,,,1,,,,-1,-1,,2,,,
Mauricio,Taricco,,DF,,-1,,,,,,,,,1,,-1,-1,1,4,,,
Sol,Campbell,,DF,,2,-2,,2,1,,1,1,,1,1,1,,-1,5,,,
Stephen,Carr,,DF,,-2,2,,1,1,1,,1,,1,,-1,-1,,5,,,
Darren,Anderton,,MF,,1,4,1,1,1,,1,1,,1,1,,,,5,,,
David,Ginola,,F,,2,5,1,,1,,1,1,1,1,,,1,,5,,,
Allan,Nielsen,,MF,,1,1,,,1,,,,1,1,1,,,,4,,,
Chris,Armstrong,,F,,3,,1,,,,,,1,1,,,,1,4,,,
Steffen,Iversen,,F,,4,2,2,,,,1,1,,,,,,,3,,,
Les,Ferdinand,,F,,3,1,1,,,,,,,1,1,1,,,3,,,
Ian,Walker,,GK,,,,,,,,,,,,,,,,4,4,2,3
Espen,Baardsen,,GK,,,,,,,,,,,,,,,,2,4,3,2
End,,,,,,,,,,,,,,,,,,,,,,
Team,,,,,,,,,,,,,,,,,,,,,,
West Ham United,Hammers,1998 EPL,WestHam.jpg,FourFourTwo,1,,,,,,,,,,,,,,,,,
First Name,Last Name,Captain,Position,Number,Shot,Assist,Number of Triangles,Number of Squares,Number of Circles,Pace,Touch,Strong,Hard,Tactics,Star,Head,Kick,Card,Injury,On Target,Reaction,Special Save
Frank,Lampard,,MF,,2,2,1,1,,1,1,,,1,1,,,,5,,,
Trevor,Sinclair,,MF,,2,3,1,,1,1,,,1,1,,,,,5,,,
Ian,Pearce,,DF,,1,1,,2,,,1,1,,1,,,,,5,,,
Rio,Ferdinand,,DF,,-2,1,,2,,,1,1,1,,1,-1,-1,,5,,,
Steve,Lomas,,MF,,,2,1,,1,,,1,1,1,,,,1,5,,,
Eyal,Berkovic,,MF,,2,5,1,,1,,1,,1,1,,,1,,4,,,
Neil,Ruddock,,DF,,1,-2,,1,1,,,1,1,1,,,,1,4,,,
Ian,Wright,,F,,4,3,1,,,,1,,,1,1,,,1,3,,,
Marc,Keller,,MF,,3,1,1,,,1,1,,,1,,,,,3,,,
John,Hartson,,F,,3,2,,,1,,1,,,1,1,1,,,5,,,
Scott,Minto,,DF,,-2,-2,,1,,,,1,,1,,-1,-1,,5,,,
Paul,Kitson,,F,,2,2,,,1,,1,,,1,,1,,,2,,,
Marc-Vivien,Foe,,MF,,1,1,,,1,,,,1,1,,-1,-1,,5,,,
Steve,Potts,,DF,,-2,-2,,,,,,,,1,,-1,-1,,2,,,
Stan,Lazaridis,,MF,,1,2,,,,1,,,,,,-1,-1,,2,,,
Julian,Dicks,,DF,,1,,,,,,,1,,1,,-1,-1,,2,,,
John,Moncur,,MF,,-1,,,,,,,,1,,,-1,-1,1,2,,,
Joe,Cole,,MF,,1,1,,,,1,,,,,,-1,-1,,2,,,
Shaka,Hislop,,GK,,,,,,,,,,,,,,,,5,5,2,3
Craig,Forrest,,GK,,,,,,,,,,,,,,,,1,3,5,3
End,,,,,,,,,,,,,,,,,,,,,,
Team,,,,,,,,,,,,,,,,,,,,,,
Wimbledon,Dons,1998 EPL,Wimbledon.jpg,FourFourTwo,1,,,,,,,,,,,,,,,,,
First Name,Last Name,Captain,Position,Number,Shot,Assist,Number of Triangles,Number of Squares,Number of Circles,Pace,Touch,Strong,Hard,Tactics,Star,Head,Kick,Card,Injury,On Target,Reaction,Special Save
Ceri,Hughes,,MF,,1,2,,,,,,,1,,,,,,2,,,
Gareth,Ainsworth,,MF,,,2,,,,,,,,1,,-1,-1,,2,,,
Duncan,Jupp,,DF,,-2,-2,,,,,,1,,,,-1,-1,,2,,,
Peter,Fear,,MF,,,,,,,,1,,,,,-1,-1,-1,2,,,
Kenny,Cunningham,,DF,,-2,1,,1,1,,1,1,,1,,-1,-1,,5,,,
Robbie,Earle,,MF,,2,1,1,,,,1,,,1,1,,,,5,,,
Chris,Perry,,DF,,-2,,,1,,,,1,1,1,,-1,-1,,5,,,
Ben,Thatcher,,DF,,-2,,,1,,,,,1,1,,-1,-1,,5,,,
Jason,Euell,,F,,4,,1,,,,1,,,1,,1,,,5,,,
Marcus,Gayle,,F,,4,3,1,,1,1,,,,1,1,,1,,5,,,
Michael,Hughes,,MF,,1,3,1,,1,1,,,1,1,,,,,4,,,
Dean,Blackwell,,DF,,-2,-2,,1,,,,1,,1,,-1,-1,-1,4,,,
Andy,Roberts,,MF,,1,1,1,,,,,,1,1,,,,,4,,,
Alan,Kimble,,DF,,-2,2,,1,,,1,,,1,,-1,-1,,3,,,
Efan,Ekoku,,F,,4,-2,,,1,,1,,,1,,,,,2,,,
Mark,Kennedy,,DF,,-1,1,,1,,,,1,,,,-1,-1,-1,2,,,
Carl,Cort,,F,,3,-2,,,,1,,,,,,,,,2,,,
Carl,Leaburn,,F,,-2,2,,,,,1,,,,,-1,-1,1,2,,,
Neal,Ardley,,MF,,-2,1,,,,,,1,,,,-1,-1,-1,3,,,
Neil,Sullivan,,GK,,,,,,,,,,,,,,,,6,5,3,1
End,,,,,,,,,,,,,,,,,,,,,,
Team,,,,,,,,,,,,,,,,,,,,,,
Manchester United,Red Devils,2014 EPL,ManchesterU.jpg,FourFourTwo,1,,,,,,,,,,,,,,,,,
First Name,Last Name,Captain,Position,Number,Shot,Assist,Number of Triangles,Number of Squares,Number of Circles,Pace,Touch,Strong,Hard,Tactics,Star,Head,Kick,Card,Injury,On Target,Reaction,Special Save
Johnny,Evans,,DF,6,-2,-2,,,,1,1,,,1,1,-1,-1,,3,,,
Phil,Jones,,DF,4,-2,-2,,1,,,1,1,,1,1,-1,-1,,3,,,
Ander,Herrera,,MF,21,2,2,1,1,,1,1,,,1,1,,,,4,,,
Robin,Van Persie,,F,20,3,1,2,,,1,1,1,,1,1,,,,4,,,
Wayne,Rooney,x,F,10,3,2,2,,1,1,1,1,,1,1,,,1,5,,,
Antonio,Valencia,,MF,25,-2,1,,2,1,1,1,,,1,1,-1,-1,,5,,,
Juan,Mata,,MF,8,3,1,,,2,1,1,,,1,1,,,,5,,,
Chris,Smalling,,DF,12,2,-2,,1,1,1,1,,,1,,1,,1,4,,,
Ashley,Young,,MF,18,1,2,,1,,,,1,1,1,1,,,,4,,,
Daley,Blind,,DF,17,1,1,,1,,,1,1,1,1,,,,,4,,,
Angel,Di Maria,,MF,7,1,3,1,,2,1,1,1,,1,1,,,,4,,,
Radamel,Falcao,,F,9,2,2,1,,,1,1,1,,,1,,,,4,,,
Marcos,Rojo,,DF,5,-2,-2,,,,,1,,1,1,,-1,-1,,3,,,
Michael,Carrick,,MF,16,1,1,,,1,,1,1,1,1,,,,,3,,,
Luke,Shaw,,DF,3,-2,-2,,,,,1,1,1,1,,-1,-1,1,3,,,
Patrick,McNair,,DF,33,-2,-2,,,,1,1,,,1,,-1,-1,,3,,,
Adnan,Januzaj,,DF,11,-2,-2,,,,1,1,1,,,,-1,-1,,3,,,
Marouane,Fellaini,,MF,31,2,-1,1,1,,1,1,,,1,1,1,,1,4,,,
James,Wilson,,F,49,1,-2,,,,1,1,,,,,,,,3,,,
Rafael,Pereira da Silva,,DF,2,-2,1,,,,1,1,1,,1,,-1,-1,,2,,,
Tyler,Blackett,,DF,42,-2,-2,,,,,1,1,1,,,-1,-1,1,2,,,
Darren,Fletcher,,MF,24,-2,-2,,,,,1,1,,1,,-1,-1,,2,,,
David,DeGea,,GK,1,,,,,,,,,,,,,,,5,3,4,5
Victor,Valdes,,GK,32,,,,,,,,,,,,,,,2,3,3,3
End,,,,,,,,,,,,,,,,,,,,,,
Team,,,,,,,,,,,,,,,,,,,,,,
Chelsea,Blues,2014 EPL,Chelsea.jpg,,1,,,,,,,,,,,,,,,,,
First Name,Last Name,Captain,Position,Number,Shot,Assist,Number of Triangles,Number of Squares,Number of Circles,Pace,Touch,Strong,Hard,Tactics,Star,Head,Kick,Card,Injury,On Target,Reaction,Special Save
Eden,Hazard,,MF,10,3,2,2,,1,1,1,1,,1,1,1,,,5,,,
Cesc,Fabregas,,F,4,1,4,1,1,2,1,1,1,,1,1,,,1,5,,,
Nemanja,Matic,,MF,21,-1,1,,2,1,1,1,1,1,,1,,,1,5,,,
Branislav,Ivanovic,,DF,2,1,1,1,2,,1,1,1,1,1,1,,,1,5,,,
John,Terry,x,DF,26,1,-2,,1,1,,,1,1,1,1,,,,5,,,
Willian,Borges da Silva,,MF,22,1,1,1,,1,1,1,1,,1,1,,,,5,,,
Gary,Cahill,,DF,24,-1,-2,,1,1,,1,1,1,1,1,,,,5,,,
Diego,Costa,,F,19,5,1,2,,,1,1,1,,1,1,1,,,4,,,
Cesar,Azpilicueta,,DF,28,-2,1,,1,2,,1,1,1,1,1,-1,-1,1,4,,,
Oscar,dos Santos Emboaba,,MF,8,2,2,2,1,,1,1,1,,1,1,,,,4,,,
Didier,Drogba,,F,11,1,-2,1,,,1,1,1,,1,1,,,,4,,,
Ramires,Santos do Nascimento,,MF,7,1,2,,,,1,1,1,1,1,,,,,3,,,
Loic,Remy,,MF,18,3,-2,,,,1,1,1,,,1,,,,3,,,
John,Obi Mikel,,MF,12,-2,1,,,1,1,1,1,1,,,-1,-1,,3,,,
Filipe,Luis,,DF,3,-2,-2,,,,,1,1,1,1,,-1,-1,,3,,,
Andre,Schurrle,,MF,14,2,-2,,,,1,1,1,,1,1,,,,3,,,
Kurt,Zouma,,DF,15,-2,-2,,,,,1,1,1,1,,-1,-1,,3,,,
Petr,Cech,,GK,1,,,,,,,,,,,,,,,2,5,3,4
Thibaut,Courtois,,GK,13,,,,,,,,,,,,,,,4,4,2,3
End,,,,,,,,,,,,,,,,,,,,,,
Team,,,,,,,,,,,,,,,,,,,,,,
Kakegawa,Reds,Anime High School,Kakegawa.jpg,FourThreeThree,2,,,,,,,,,,,,,,,,,
First Name,Last Name,Captain,Position,Number,Shot,Assist,Number of Triangles,Number of Squares,Number of Circles,Pace,Touch,Strong,Hard,Tactics,Star,Head,Kick,Card,Injury,On Target,Reaction,Special Save
Kenji,Shiraishi,,GK,1,,,,,,,,,,,,,,,6,4,3,5
Tsuyhoshi,Akahori,,DF,2,1,1,,2,1,,1,1,1,1,,1,,,6,,,
Tom,Hattori,,DF,3,-1,-1,,,1,,,1,1,,,,,,6,,,
Shinichi,Nitta,,DF,4,,1,,1,1,1,1,,,1,,,,,6,,,
Dick,Yano,,DF,5,,1,,1,,,,1,1,,,,,,6,,,
Atsushi,Kamiya,x,MF,7,2,2,1,,1,,1,1,1,1,1,,,1,6,,,
Shigeki,Otsuka,,MF,6,,1,,,,,,1,1,1,,,,,6,,,
Kazuhiro,Hiramatsu,,F,9,2,3,1,,1,1,1,,,1,1,,1,,6,,,
Keigo,Mahori,,MF,11,2,1,1,,,1,1,,,1,,,2,,6,,,
Toshihiko,Tanaka,,F,10,4,2,3,,1,1,1,1,,1,1,,1,,6,,,
Sasaki,Yutaka,,F,8,1,1,,,,1,1,,,1,,,,,6,,,
Alan,Allen,,GK,12,,,,,,,,,,,,,,,6,2,2,2
Bo,Ishibashi,,DF,13,,,,,1,,1,1,1,,,,,,6,,,
Carl,Carlson,,DF,14,-2,-2,,,,,,,,,,,,,6,,,
Frank,Arisaka,,MF,15,-2,-2,,,,,,,,,,,,,6,,,
Todd,Toddson,,MF,16,-2,-2,,,,,,,,,,,,,6,,,
Doug,Maino,,F,17,-2,-2,,,,,,,,,,,,,6,,,
End,,,,,,,,,,,,,,,,,,,,,,
Team,,,,,,,,,,,,,,,,,,,,,,
Nankatsu Dream,Whites,Anime High School,Nankatsu.jpg,FourThreeThree,2,,,,,,,,,,,,,,,,,
First Name,Last Name,Captain,Position,Number,Shot,Assist,Number of Triangles,Number of Squares,Number of Circles,Pace,Touch,Strong,Hard,Tactics,Star,Head,Kick,Card,Injury,On Target,Reaction,Special Save
Genzo,Wakabayashi,,GK,1,,,,,,,,,,,,,,,6,5,5,4
Ryo,Ishizaki,,DF,14,1,1,,2,1,,,1,1,,1,,,-1,6,,,
Takeshi,Kishida,,DF,4,,,,1,,,,1,1,,,,,,6,,,
Shingo,Takasugi,,DF,6,1,1,,2,1,,,1,1,,,1,,,6,,,
Hanji,Urabe,,DF,5,1,,,2,1,,1,1,1,,,,,,6,,,
Taro,Misaki,,MF,11,2,4,2,,1,1,1,,,1,1,1,2,-1,6,,,
Mamoru,Izawa,,MF,8,2,2,1,,1,1,1,1,,1,,,,,6,,,
Tsubasa,Ozora,x,MF,10,5,3,3,,1,1,1,1,,1,1,,2,-1,6,,,
Teppei,Kisugi,,F,9,1,3,1,,,1,1,,,1,,,,,6,,,
Shun,Nitta,,F,12,3,1,1,,1,1,1,1,,,1,,1,,6,,,
Hajime,Taki,,F,7,1,3,1,,,1,1,,,1,,,,,6,,,
Yuzo,Morisaki,,GK,,,,,,,,,,,,,,,,6,4,3,3
Kenichi,Iwami,,MF,15,-1,-1,,,,,,,1,,,,,,6,,,
Hiroshi,Nagano,,F,3,,,,1,,,1,1,1,,,,,,6,,,
Masao,Nakayama,,DF,16,-1,-1,,,,,,1,1,,,,,,6,,,
Koji,Nishio,,DF,17,-2,-2,,,,,,1,,,,,,,6,,,
End,,,,,,,,,,,,,,,,,,,,,,
Team,,,,,,,,,,,,,,,,,,,,,,
Los Angeles,Aztecs,1977 NASL,Aztecs.jpg,FourFourThree,3,,,,,,,,,,,,,,,,,
First Name,Last Name,Captain,Position,Number,Shot,Assist,Number of Triangles,Number of Squares,Number of Circles,Pace,Touch,Strong,Hard,Tactics,Star,Head,Kick,Card,Injury,On Target,Reaction,Special Save
Bernie,Fagan,,DF,,-2,-2,,,,,,1,1,,,-1,-1,,3,,,
Ron,Davies,,MF,,3,1,1,,,1,1,,,1,,,1,,4,,,
Phil,Beal,,DF,,2,-2,1,1,,,1,1,,1,,,,,4,,,
Terry,Mancini,,DF,,2,-2,1,1,1,1,,,,1,1,,,,5,,,
Bobby,McAlinden,,MF,,1,2,1,,,1,1,1,,,,,,,4,,,
Martin,Cohen,,MF,,-2,1,,,,,,1,1,1,,-1,-1,1,4,,,
Steven,David,,F,,5,2,2,,1,1,1,,,1,1,1,1,,4,,,
Bobby,Sibbald,,DF,,-2,2,,1,,,1,1,1,,,-1,-1,,4,,,
Des,Backos,,F,,2,2,1,,,1,,,1,1,,,,1,4,,,
John,Mason,,MF,,2,-2,,,1,,1,,,1,,,,,3,,,
Charlie,Cooke,,MF,,1,4,1,,1,1,1,,,1,1,,,,4,,,
Ane,Mihailovich,,MF,,2,-2,,,1,1,1,,,,,,,,3,,,
John,McGrane,,DF,,-2,-2,,,,,,1,1,,,-1,-1,,3,,,
George,Best,x,F,,3,4,3,,2,1,1,,,1,1,,1,,4,,,
Bill,Mishalow,,GK,,,,,,,,,,,,,,,,4,3,1,1
Bob,Rigby,,GK,,,,,,,,,,,,,,,,4,3,,2
End,,,,,,,,,,,,,,,,,,,,,,
Team,,,,,,,,,,,,,,,,,,,,,,
New York,Cosmos,1977 NASL,Cosmos.jpg,,3,,,,,,,,,,,,,,,,,
First Name,Last Name,Captain,Position,Number,Shot,Assist,Number of Triangles,Number of Squares,Number of Circles,Pace,Touch,Strong,Hard,Tactics,Star,Head,Kick,Card,Injury,On Target,Reaction,Special Save
Charlie,Aiktken,,DF,17,-2,1,,,,,1,,1,1,,-1,-1,,2,,,
Terry,Garbett,,MF,8,-2,-2,,1,,1,1,1,,,,-1,-1,,3,,,
Vito,Dimitrijevic,,MF,3,2,2,1,,1,1,1,1,,1,1,,,,4,,,
Ramon,Mifflin,,MF,15,-2,-2,,,,,,1,1,,,-1,-1,,4,,,
Pele,Arantes do Nascimento,x,F,10,3,1,2,,2,1,1,1,,1,1,1,1,,4,,,
Giorgio,Chinaglia,,F,9,4,3,2,,2,1,1,1,1,,1,1,1,,4,,,
Steven,Hunt,,F,11,2,3,1,,1,,,,1,1,1,,1,,4,,,
Nelsi,Morais,,DF,14,-2,1,,1,,1,1,,1,,,-1,-1,1,4,,,
Werner,Roth,,DF,4,1,1,1,2,,,1,1,1,,1,,,1,4,,,
Tony,Field,,F,7,2,3,1,,1,1,,,,1,1,,1,,3,,,
Jomo,Sono,,MF,22,,-2,,,1,,1,,,1,,,,,3,,,
Franz,Beckenbauer,,MF,6,2,2,2,1,1,1,1,,,1,1,,1,,3,,,
Carlos,Alberto,,DF,25,-2,3,,,,1,,,,1,1,-1,-1,,2,,,
Bob,Smith,,DF,12,1,-2,,,,,1,1,1,,,,,,3,,,
Mike,Dillon,,DF,20,,-2,,,,1,,1,,1,,-1,-1,,4,,,
Shep,Messing,,GK,1,,,,,,,,,,,,,,,4,4,2,2
End,,,,,,,,,,,,,,,,,,,,,,
Team,,,,,,,,,,,,,,,,,,,,,,
DC United,Eagles,2018 MLS,DCUnited.jpg,,3,,,,,,,,,,,,,,,,,
First Name,Last Name,Captain,Position,Number,Shot,Assist,Number of Triangles,Number of Squares,Number of Circles,Pace,Touch,Strong,Hard,Tactics,Star,Head,Kick,Card,Injury,On Target,Reaction,Special Save
Luciano,Acosta,,F,,3,5,2,,2,1,1,1,,,1,,,,5,,,
Yamil,Asad,,MF,,3,2,1,,1,1,1,1,,,1,,,,5,,,
Steve,Birnbaum,,DF,,1,-2,,2,1,,,1,1,1,1,,,,5,,,
Paul,Arriola,,MF,,3,2,1,,,1,1,1,,,,,,1,4,,,
Joseph,Morais,,DF,,-2,,,1,1,,1,1,1,1,,-1,-1,1,5,,,
Wayne,Rooney,,F,,5,3,2,,2,1,1,1,,1,1,,2,,4,,,
Russell,Canouse,,MF,,1,-2,,1,,1,1,1,,1,,,,,4,,,
Frederic,Brilliant,,DF,,,,,1,,1,,,1,1,,,,,4,,,
Zoltan,Stieber,,MF,,2,2,1,,,1,1,,,,,,,,4,,,
Junior,Moreno,,MF,,-2,1,,1,,1,1,,,,,-1,-1,,4,,,
Darren,Mattocks,,MF,,4,-2,1,,,1,1,1,,,,,,,3,,,
Christopher,Durkin,,MF,,-2,-2,,,,,1,,1,1,,-1,-1,,3,,,
Oniel,Fisher,,DF,,1,1,,,,,1,,1,1,,,,,4,,,
Uliseses,Sebura,,MF,,1,1,,,,1,,1,,,,,,,4,,,
Nick,Delon,,DF,,1,1,,,,1,1,,1,1,,,,,,,,
Kofi,Opare,,DF,,-2,-2,,,,,1,,1,1,,-1,-1,,,,,
David,Ousted,,GK,,,,,,,,,,,,,,,,,3,1,1
Bill,Hamid,,GK,,,,,,,,,,,,,,,,,4,4,5
Patrick,Mullins,,F,,-2,1,,,,1,1,,,,1,,-1,-1,,2,,
Ian,Harkes,,MF,,-2,-2,,,,,1,,,1,,-1,-1,,2,,,
Bruno,Miranda,,F,,-2,-2,,,,1,1,,,,,-1,-1,,2,,,
End,,,,,,,,,,,,,,,,,,,,,,
Team,,,,,,,,,,,,,,,,,,,,,,
Jocks,Jocks,Experiment,Jocks.jpg,,1,,,,,,,,,,,,,,,,,
First Name,Last Name,Captain,Position,Number,Shot,Assist,Number of Triangles,Number of Squares,Number of Circles,Pace,Touch,Strong,Hard,Tactics,Star,Head,Kick,Card,Injury,On Target,Reaction,Special Save
Arbuck,Benson,,DF,,5,5,,3,2,1,1,1,1,1,2,2,2,-1,6,,,
Carl,Dixon,,DF,,5,5,,3,2,1,1,1,1,1,2,2,2,-1,6,,,
Edwin,Franks,,DF,,5,5,,3,2,1,1,1,1,1,2,2,2,-1,6,,,
Georgie,Houston,,DF,,5,5,,3,2,1,1,1,1,1,2,2,2,-1,6,,,
Igloo,Jackson,,MF,,5,5,3,,2,1,1,1,1,1,2,2,2,-1,6,,,
Manny,Norwich,,MF,,5,5,3,,2,1,1,1,1,1,2,2,2,-1,6,,,
Opie,Paxson,,MF,,5,5,,3,2,1,1,1,1,1,2,2,2,-1,6,,,
Quinton,Rodrigues,,MF,,5,5,,3,2,1,1,1,1,1,2,2,2,-1,6,,,
Steve,Tyson,,F,,5,5,3,,2,1,1,1,1,1,2,2,2,-1,6,,,
Ulysses,Volkswagon,,F,,5,5,3,,2,1,1,1,1,1,2,2,2,-1,6,,,
William,Xylophone,,MF,,5,5,,3,2,1,1,1,1,1,2,2,2,-1,6,,,
York,Zakstok,,F,,5,5,,3,2,1,1,1,1,1,2,2,2,-1,6,,,
Allen,Birk,,DF,,5,5,,3,2,1,1,1,1,1,2,2,2,-1,6,,,
Cornelius,Delmonte,,GK,,,,,,,,,,,,,,,,6,5,5,5
Elephant,Federicks,,GK,,,,,,,,,,,,,,,,6,5,5,5
Gondola,Hensen,,MF,,5,5,3,,2,1,1,1,1,1,2,2,2,-1,6,,,
Ishmael,Jones,,F,,5,5,3,,2,1,1,1,1,1,2,2,2,-1,6,,,
Keller,Lewis,,DF,,5,5,,3,2,1,1,1,1,1,2,2,2,-1,6,,,
End,,,,,,,,,,,,,,,,,,,,,,
Team,,,,,,,,,,,,,,,,,,,,,,
Nerds,Nerds,Experiment,Nerds.jpg,,7,,,,,,,,,,,,,,,,,
First Name,Last Name,Captain,Position,Number,Shot,Assist,Number of Triangles,Number of Squares,Number of Circles,Pace,Touch,Strong,Hard,Tactics,Star,Head,Kick,Card,Injury,On Target,Reaction,Special Save
Miguel,Nixon,,DF,,-2,-2,,,,,,,,,,-1,-1,-1,6,,,
Oliver,Paul,,DF,,-2,-2,,,,,,,,,,-1,-1,-1,6,,,
Quixotic,Rickshaw,,DF,,-2,-2,,,,,,,,,,-1,-1,-1,6,,,
Sam,Tiger,,DF,,-2,-2,,,,,,,,,,-1,-1,-1,6,,,
Ulrich,Voldemort,,MF,,-2,-2,,,,,,,,,,-1,-1,-1,6,,,
Weeks,Xavier,,MF,,-2,-2,,,,,,,,,,-1,-1,-1,6,,,
Youngton,Zebra,,MF,,-2,-2,,,,,,,,,,-1,-1,-1,6,,,
Almond,Bitter,,MF,,-2,-2,,,,,,,,,,-1,-1,-1,6,,,
Casey,Douglas,,F,,-2,-2,,,,,,,,,,-1,-1,-1,6,,,
Eric,Fox,,F,,-2,-2,,,,,,,,,,-1,-1,-1,6,,,
Gin,Hanks,,MF,,-2,-2,,,,,,,,,,-1,-1,-1,6,,,
Ian,Jerry,,F,,-2,-2,,,,,,,,,,-1,-1,-1,6,,,
Kyle,Logan,,DF,,-2,-2,,,,,,,,,,-1,-1,-1,6,,,
Mickey,Nox,,GK,,,,,,,,,,,,,,,,6,,,
Onix,Peters,,GK,,,,,,,,,,,,,,,,6,,,
Quick,Rodent,,MF,,-2,-2,,,,,,,,,,-1,-1,-1,6,,,
Swift,Taylor,,F,,-2,-2,,,,,,,,,,-1,-1,-1,6,,,
Uncool,Violence,,DF,,-2,-2,,,,,,,,,,-1,-1,-1,6,,,
End,,,,,,,,,,,,,,,,,,,,,,
